dataset,selector,seed,fold,n_selected,outer_error,outer_balanced_error,majority_baseline,inner_error,hypervolume,front_size,n_evaluations,selection_precision,selection_recall,realised_fdr
synthetic_n120_p2000_k10,NSGA-II,20260914,0,16,0.625,0.625,0.46875,0.19791666666666666,0.7938541666666667,11,890,,,
synthetic_n120_p2000_k10,NSGA-II,20260914,1,13,0.5416666666666666,0.5416666666666666,0.46875,0.20833333333333334,0.7844791666666666,8,886,,,
synthetic_n120_p2000_k10,NSGA-II,20260914,2,16,0.5,0.5174825174825175,0.47916666666666663,0.14583333333333334,0.8421354166666667,14,886,,,
synthetic_n120_p2000_k10,NSGA-II,20260914,3,8,0.4166666666666667,0.4195804195804196,0.47916666666666663,0.2708333333333333,0.724375,5,885,,,
synthetic_n120_p2000_k10,NSGA-II,20260914,4,9,0.5,0.5104895104895105,0.47916666666666663,0.20833333333333334,0.78515625,9,867,,,
synthetic_n120_p2000_k10,NSGA-II,20260915,0,18,0.375,0.37412587412587417,0.47916666666666663,0.17708333333333334,0.8132812500000001,9,888,,,
synthetic_n120_p2000_k10,NSGA-II,20260915,1,15,0.5416666666666666,0.5559440559440559,0.47916666666666663,0.16666666666666666,0.8228645833333333,6,885,,,
synthetic_n120_p2000_k10,NSGA-II,20260915,2,33,0.5416666666666666,0.5559440559440559,0.47916666666666663,0.14583333333333334,0.8388541666666667,9,895,,,
synthetic_n120_p2000_k10,NSGA-II,20260915,3,23,0.375,0.375,0.46875,0.15625,0.8312499999999999,15,890,,,
synthetic_n120_p2000_k10,NSGA-II,20260915,4,9,0.4166666666666667,0.41666666666666663,0.46875,0.20833333333333334,0.7855729166666666,5,892,,,
synthetic_n120_p2000_k10,NSGA-II,20260916,0,6,0.4166666666666667,0.41666666666666663,0.46875,0.1875,0.8059895833333334,7,889,,,
synthetic_n120_p2000_k10,NSGA-II,20260916,1,11,0.5833333333333334,0.5833333333333333,0.46875,0.20833333333333334,0.7846354166666668,8,888,,,
synthetic_n120_p2000_k10,NSGA-II,20260916,2,25,0.4583333333333333,0.45104895104895104,0.47916666666666663,0.16666666666666666,0.8220312499999999,10,888,,,
synthetic_n120_p2000_k10,NSGA-II,20260916,3,12,0.625,0.6258741258741258,0.47916666666666663,0.14583333333333334,0.84484375,14,873,,,
synthetic_n120_p2000_k10,NSGA-II,20260916,4,16,0.5,0.49650349650349646,0.47916666666666663,0.16666666666666666,0.8246875000000001,13,891,,,
synthetic_n120_p2000_k10,NSGA-II,20260917,0,4,0.4583333333333333,0.45833333333333337,0.46875,0.21875,0.7765104166666666,5,880,,,
synthetic_n120_p2000_k10,NSGA-II,20260917,1,14,0.4166666666666667,0.4166666666666667,0.46875,0.22916666666666666,0.7643229166666667,13,894,,,
synthetic_n120_p2000_k10,NSGA-II,20260917,2,8,0.5416666666666666,0.548951048951049,0.47916666666666663,0.2604166666666667,0.73453125,7,852,,,
synthetic_n120_p2000_k10,NSGA-II,20260917,3,15,0.6666666666666666,0.6573426573426573,0.47916666666666663,0.1875,0.80421875,9,889,,,
synthetic_n120_p2000_k10,NSGA-II,20260917,4,10,0.4166666666666667,0.4195804195804196,0.47916666666666663,0.1875,0.8062499999999999,8,886,,,
synthetic_n120_p2000_k10,NSGA-II,20260918,0,11,0.5,0.48951048951048953,0.47916666666666663,0.17708333333333334,0.8164062499999999,8,873,,,
synthetic_n120_p2000_k10,NSGA-II,20260918,1,6,0.375,0.37412587412587417,0.47916666666666663,0.25,0.7444791666666666,7,888,,,
synthetic_n120_p2000_k10,NSGA-II,20260918,2,8,0.3333333333333333,0.32867132867132864,0.47916666666666663,0.19791666666666666,0.7963541666666667,10,881,,,
synthetic_n120_p2000_k10,NSGA-II,20260918,3,17,0.4583333333333333,0.4583333333333333,0.46875,0.16666666666666666,0.8225520833333333,9,896,,,
synthetic_n120_p2000_k10,NSGA-II,20260918,4,15,0.3333333333333333,0.33333333333333337,0.46875,0.13541666666666666,0.8543229166666667,9,890,,,
synthetic_n120_p2000_k10,NSGA-II,20260919,0,27,0.625,0.6118881118881119,0.47916666666666663,0.13541666666666666,0.84703125,12,894,,,
synthetic_n120_p2000_k10,NSGA-II,20260919,1,11,0.4166666666666667,0.43356643356643354,0.47916666666666663,0.21875,0.774375,5,895,,,
synthetic_n120_p2000_k10,NSGA-II,20260919,2,4,0.625,0.6188811188811189,0.47916666666666663,0.28125,0.7144270833333334,5,887,,,
synthetic_n120_p2000_k10,NSGA-II,20260919,3,13,0.6666666666666666,0.6666666666666666,0.46875,0.19791666666666666,0.7927083333333335,8,893,,,
synthetic_n120_p2000_k10,NSGA-II,20260919,4,15,0.4166666666666667,0.4166666666666667,0.46875,0.16666666666666666,0.8243229166666667,14,890,,,
synthetic_n120_p2000_k10,NSGA-II,20260920,0,8,0.2916666666666667,0.2902097902097902,0.47916666666666663,0.14583333333333334,0.8457812499999999,10,888,,,
synthetic_n120_p2000_k10,NSGA-II,20260920,1,16,0.25,0.2517482517482518,0.47916666666666663,0.21875,0.7735937499999999,16,885,,,
synthetic_n120_p2000_k10,NSGA-II,20260920,2,14,0.5,0.5104895104895105,0.47916666666666663,0.22916666666666666,0.7639062500000001,7,889,,,
synthetic_n120_p2000_k10,NSGA-II,20260920,3,9,0.75,0.75,0.46875,0.1875,0.8045312499999999,9,885,,,
synthetic_n120_p2000_k10,NSGA-II,20260920,4,12,0.5,0.5,0.46875,0.21875,0.7755729166666666,6,883,,,
synthetic_n120_p2000_k10,NSGA-II,20260921,0,12,0.4166666666666667,0.42657342657342656,0.47916666666666663,0.25,0.7440104166666667,6,887,,,
synthetic_n120_p2000_k10,NSGA-II,20260921,1,20,0.5833333333333334,0.5874125874125874,0.47916666666666663,0.17708333333333334,0.8113541666666667,8,886,,,
synthetic_n120_p2000_k10,NSGA-II,20260921,2,12,0.375,0.3881118881118881,0.47916666666666663,0.25,0.7430208333333335,12,883,,,
synthetic_n120_p2000_k10,NSGA-II,20260921,3,12,0.3333333333333333,0.33333333333333337,0.46875,0.21875,0.7742187500000001,7,877,,,
synthetic_n120_p2000_k10,NSGA-II,20260921,4,7,0.3333333333333333,0.33333333333333337,0.46875,0.2604166666666667,0.7342708333333334,7,863,,,
synthetic_n120_p2000_k10,NSGA-II,20260922,0,10,0.625,0.625,0.46875,0.20833333333333334,0.7846874999999999,8,882,,,
synthetic_n120_p2000_k10,NSGA-II,20260922,1,14,0.6666666666666666,0.6666666666666666,0.46875,0.16666666666666666,0.8231770833333334,8,887,,,
synthetic_n120_p2000_k10,NSGA-II,20260922,2,10,0.4166666666666667,0.43356643356643354,0.47916666666666663,0.16666666666666666,0.8249479166666666,9,894,,,
synthetic_n120_p2000_k10,NSGA-II,20260922,3,8,0.4583333333333333,0.465034965034965,0.47916666666666663,0.16666666666666666,0.8264583333333334,9,879,,,
synthetic_n120_p2000_k10,NSGA-II,20260922,4,8,0.5416666666666666,0.5559440559440559,0.47916666666666663,0.21875,0.7736458333333333,8,882,,,
synthetic_n120_p2000_k10,NSGA-II,20260923,0,10,0.5,0.49650349650349646,0.47916666666666663,0.20833333333333334,0.78484375,17,882,,,
synthetic_n120_p2000_k10,NSGA-II,20260923,1,8,0.5833333333333334,0.5804195804195804,0.47916666666666663,0.22916666666666666,0.7637500000000002,6,883,,,
synthetic_n120_p2000_k10,NSGA-II,20260923,2,14,0.3333333333333333,0.34965034965034963,0.47916666666666663,0.25,0.7428645833333334,7,885,,,
synthetic_n120_p2000_k10,NSGA-II,20260923,3,7,0.4583333333333333,0.4583333333333333,0.46875,0.23958333333333334,0.7546875,9,876,,,
synthetic_n120_p2000_k10,NSGA-II,20260923,4,24,0.3333333333333333,0.33333333333333337,0.46875,0.15625,0.8311458333333334,12,894,,,
synthetic_n120_p2000_k10,NSGA-III,20260914,0,14,0.5,0.5,0.46875,0.20833333333333334,0.7836979166666664,9,895,,,
synthetic_n120_p2000_k10,NSGA-III,20260914,1,7,0.4166666666666667,0.41666666666666663,0.46875,0.25,0.7446875000000001,5,886,,,
synthetic_n120_p2000_k10,NSGA-III,20260914,2,7,0.4583333333333333,0.465034965034965,0.47916666666666663,0.25,0.7442708333333333,6,881,,,
synthetic_n120_p2000_k10,NSGA-III,20260914,3,6,0.5833333333333334,0.6013986013986015,0.47916666666666663,0.2604166666666667,0.7347395833333332,5,891,,,
synthetic_n120_p2000_k10,NSGA-III,20260914,4,6,0.4583333333333333,0.465034965034965,0.47916666666666663,0.23958333333333334,0.7554166666666667,5,884,,,
synthetic_n120_p2000_k10,NSGA-III,20260915,0,27,0.3333333333333333,0.3356643356643357,0.47916666666666663,0.14583333333333334,0.8435416666666665,7,896,,,
synthetic_n120_p2000_k10,NSGA-III,20260915,1,16,0.4583333333333333,0.458041958041958,0.47916666666666663,0.17708333333333334,0.8134895833333333,7,894,,,
synthetic_n120_p2000_k10,NSGA-III,20260915,2,7,0.5416666666666666,0.548951048951049,0.47916666666666663,0.22916666666666666,0.7653125,6,893,,,
synthetic_n120_p2000_k10,NSGA-III,20260915,3,14,0.3333333333333333,0.3333333333333333,0.46875,0.1875,0.8045833333333333,8,886,,,
synthetic_n120_p2000_k10,NSGA-III,20260915,4,8,0.2916666666666667,0.29166666666666663,0.46875,0.22916666666666666,0.7646875,6,892,,,
synthetic_n120_p2000_k10,NSGA-III,20260916,0,12,0.5,0.5,0.46875,0.22916666666666666,0.7639583333333332,7,894,,,
synthetic_n120_p2000_k10,NSGA-III,20260916,1,12,0.5,0.5,0.46875,0.19791666666666666,0.7902604166666666,8,897,,,
synthetic_n120_p2000_k10,NSGA-III,20260916,2,8,0.625,0.6328671328671329,0.47916666666666663,0.21875,0.7746875,6,885,,,
synthetic_n120_p2000_k10,NSGA-III,20260916,3,8,0.5416666666666666,0.548951048951049,0.47916666666666663,0.23958333333333334,0.7544270833333331,7,886,,,
synthetic_n120_p2000_k10,NSGA-III,20260916,4,5,0.4166666666666667,0.4195804195804196,0.47916666666666663,0.20833333333333334,0.7863020833333333,5,890,,,
synthetic_n120_p2000_k10,NSGA-III,20260917,0,4,0.4166666666666667,0.4166666666666667,0.46875,0.2604166666666667,0.7346354166666665,4,890,,,
synthetic_n120_p2000_k10,NSGA-III,20260917,1,10,0.4166666666666667,0.41666666666666663,0.46875,0.19791666666666666,0.7941666666666667,7,891,,,
synthetic_n120_p2000_k10,NSGA-III,20260917,2,6,0.4583333333333333,0.47202797202797203,0.47916666666666663,0.21875,0.7763541666666666,5,890,,,
synthetic_n120_p2000_k10,NSGA-III,20260917,3,5,0.6666666666666666,0.6853146853146853,0.47916666666666663,0.2604166666666667,0.7347916666666666,4,879,,,
synthetic_n120_p2000_k10,NSGA-III,20260917,4,13,0.4583333333333333,0.47202797202797203,0.47916666666666663,0.21875,0.7744270833333332,7,884,,,
synthetic_n120_p2000_k10,NSGA-III,20260918,0,9,0.375,0.36713286713286714,0.47916666666666663,0.1875,0.8049999999999999,6,890,,,
synthetic_n120_p2000_k10,NSGA-III,20260918,1,7,0.3333333333333333,0.3356643356643357,0.47916666666666663,0.20833333333333334,0.78515625,6,888,,,
synthetic_n120_p2000_k10,NSGA-III,20260918,2,15,0.5,0.49650349650349646,0.47916666666666663,0.20833333333333334,0.7830208333333333,6,891,,,
synthetic_n120_p2000_k10,NSGA-III,20260918,3,16,0.5,0.5,0.46875,0.23958333333333334,0.7533854166666665,7,896,,,
synthetic_n120_p2000_k10,NSGA-III,20260918,4,30,0.4166666666666667,0.4166666666666667,0.46875,0.15625,0.8253645833333333,6,889,,,
synthetic_n120_p2000_k10,NSGA-III,20260919,0,12,0.4583333333333333,0.45104895104895104,0.47916666666666663,0.17708333333333334,0.8137500000000001,7,888,,,
synthetic_n120_p2000_k10,NSGA-III,20260919,1,9,0.5833333333333334,0.5594405594405594,0.47916666666666663,0.1875,0.8048958333333334,6,890,,,
synthetic_n120_p2000_k10,NSGA-III,20260919,2,6,0.5416666666666666,0.5419580419580419,0.47916666666666663,0.22916666666666666,0.7656770833333333,5,874,,,
synthetic_n120_p2000_k10,NSGA-III,20260919,3,23,0.5416666666666666,0.5416666666666667,0.46875,0.25,0.7418750000000001,6,895,,,
synthetic_n120_p2000_k10,NSGA-III,20260919,4,10,0.5,0.5,0.46875,0.16666666666666666,0.8244791666666668,5,897,,,
synthetic_n120_p2000_k10,NSGA-III,20260920,0,8,0.5,0.48951048951048953,0.47916666666666663,0.22916666666666666,0.7646874999999999,6,884,,,
synthetic_n120_p2000_k10,NSGA-III,20260920,1,11,0.4583333333333333,0.47202797202797203,0.47916666666666663,0.21875,0.7734895833333335,7,890,,,
synthetic_n120_p2000_k10,NSGA-III,20260920,2,9,0.4583333333333333,0.45104895104895104,0.47916666666666663,0.22916666666666666,0.7651041666666667,7,884,,,
synthetic_n120_p2000_k10,NSGA-III,20260920,3,12,0.4583333333333333,0.4583333333333333,0.46875,0.21875,0.7747916666666667,4,891,,,
synthetic_n120_p2000_k10,NSGA-III,20260920,4,5,0.4166666666666667,0.41666666666666663,0.46875,0.28125,0.7141666666666665,5,882,,,
synthetic_n120_p2000_k10,NSGA-III,20260921,0,5,0.625,0.6258741258741258,0.47916666666666663,0.2916666666666667,0.7041145833333333,5,882,,,
synthetic_n120_p2000_k10,NSGA-III,20260921,1,19,0.5416666666666666,0.5419580419580419,0.47916666666666663,0.1875,0.8006250000000001,6,899,,,
synthetic_n120_p2000_k10,NSGA-III,20260921,2,7,0.6666666666666666,0.6573426573426573,0.47916666666666663,0.21875,0.77421875,6,886,,,
synthetic_n120_p2000_k10,NSGA-III,20260921,3,11,0.5416666666666666,0.5416666666666666,0.46875,0.22916666666666666,0.7630729166666665,6,884,,,
synthetic_n120_p2000_k10,NSGA-III,20260921,4,9,0.7083333333333334,0.7083333333333334,0.46875,0.20833333333333334,0.7845312499999999,7,885,,,
synthetic_n120_p2000_k10,NSGA-III,20260922,0,7,0.625,0.625,0.46875,0.22916666666666666,0.7647916666666666,6,884,,,
synthetic_n120_p2000_k10,NSGA-III,20260922,1,9,0.2916666666666667,0.29166666666666663,0.46875,0.1875,0.8052604166666667,9,890,,,
synthetic_n120_p2000_k10,NSGA-III,20260922,2,6,0.20833333333333334,0.2202797202797203,0.47916666666666663,0.20833333333333334,0.7857291666666666,4,895,,,
synthetic_n120_p2000_k10,NSGA-III,20260922,3,12,0.5416666666666666,0.548951048951049,0.47916666666666663,0.22916666666666666,0.7641145833333334,6,890,,,
synthetic_n120_p2000_k10,NSGA-III,20260922,4,10,0.4166666666666667,0.43356643356643354,0.47916666666666663,0.19791666666666666,0.7944791666666666,5,892,,,
synthetic_n120_p2000_k10,NSGA-III,20260923,0,5,0.5833333333333334,0.5734265734265734,0.47916666666666663,0.2604166666666667,0.7344791666666666,5,883,,,
synthetic_n120_p2000_k10,NSGA-III,20260923,1,4,0.4166666666666667,0.40559440559440557,0.47916666666666663,0.22916666666666666,0.7656770833333333,4,882,,,
synthetic_n120_p2000_k10,NSGA-III,20260923,2,15,0.4583333333333333,0.47202797202797203,0.47916666666666663,0.23958333333333334,0.7533333333333333,8,890,,,
synthetic_n120_p2000_k10,NSGA-III,20260923,3,6,0.5416666666666666,0.5416666666666667,0.46875,0.25,0.7443749999999999,5,880,,,
synthetic_n120_p2000_k10,NSGA-III,20260923,4,8,0.5,0.5,0.46875,0.21875,0.77546875,5,888,,,
synthetic_n120_p2000_k10,Random subsets,20260914,0,92,0.5416666666666666,0.5416666666666667,0.46875,0.2604166666666667,0.7170833333333333,6,900,,,
synthetic_n120_p2000_k10,Random subsets,20260914,1,60,0.375,0.375,0.46875,0.2604166666666667,0.7229687499999998,3,900,,,
synthetic_n120_p2000_k10,Random subsets,20260914,2,8,0.5,0.5034965034965035,0.47916666666666663,0.3020833333333333,0.6894270833333334,3,900,,,
synthetic_n120_p2000_k10,Random subsets,20260914,3,2,0.4583333333333333,0.45104895104895104,0.47916666666666663,0.3333333333333333,0.66,1,900,,,
synthetic_n120_p2000_k10,Random subsets,20260914,4,8,0.4583333333333333,0.458041958041958,0.47916666666666663,0.3020833333333333,0.6900000000000001,2,900,,,
synthetic_n120_p2000_k10,Random subsets,20260915,0,54,0.375,0.3601398601398601,0.47916666666666663,0.28125,0.7041666666666666,7,900,,,
synthetic_n120_p2000_k10,Random subsets,20260915,1,39,0.5833333333333334,0.5874125874125874,0.47916666666666663,0.3020833333333333,0.6846354166666666,4,900,,,
synthetic_n120_p2000_k10,Random subsets,20260915,2,30,0.2916666666666667,0.28321678321678323,0.47916666666666663,0.21875,0.7592708333333332,5,900,,,
synthetic_n120_p2000_k10,Random subsets,20260915,3,21,0.5,0.5,0.46875,0.2916666666666667,0.6988541666666667,5,900,,,
synthetic_n120_p2000_k10,Random subsets,20260915,4,98,0.4166666666666667,0.41666666666666663,0.46875,0.2916666666666667,0.69109375,3,900,,,
synthetic_n120_p2000_k10,Random subsets,20260916,0,3,0.25,0.25,0.46875,0.28125,0.7113020833333333,2,900,,,
synthetic_n120_p2000_k10,Random subsets,20260916,1,73,0.4166666666666667,0.4166666666666667,0.46875,0.2708333333333333,0.7177083333333333,3,900,,,
synthetic_n120_p2000_k10,Random subsets,20260916,2,10,0.5,0.49650349650349646,0.47916666666666663,0.3125,0.6793750000000001,4,900,,,
synthetic_n120_p2000_k10,Random subsets,20260916,3,2,0.5416666666666666,0.534965034965035,0.47916666666666663,0.2708333333333333,0.721875,1,900,,,
synthetic_n120_p2000_k10,Random subsets,20260916,4,4,0.4166666666666667,0.43356643356643354,0.47916666666666663,0.3020833333333333,0.6905208333333334,2,900,,,
synthetic_n120_p2000_k10,Random subsets,20260917,0,36,0.5,0.5,0.46875,0.3333333333333333,0.6568229166666667,4,900,,,
synthetic_n120_p2000_k10,Random subsets,20260917,1,82,0.5833333333333334,0.5833333333333333,0.46875,0.3333333333333333,0.6546875,3,900,,,
synthetic_n120_p2000_k10,Random subsets,20260917,2,11,0.375,0.3601398601398601,0.47916666666666663,0.3333333333333333,0.6590104166666666,8,900,,,
synthetic_n120_p2000_k10,Random subsets,20260917,3,7,0.3333333333333333,0.34265734265734266,0.47916666666666663,0.23958333333333334,0.7501041666666666,4,900,,,
synthetic_n120_p2000_k10,Random subsets,20260917,4,35,0.4166666666666667,0.4195804195804196,0.47916666666666663,0.3020833333333333,0.685,3,900,,,
synthetic_n120_p2000_k10,Random subsets,20260918,0,14,0.5,0.5104895104895105,0.47916666666666663,0.2708333333333333,0.7193750000000001,2,900,,,
synthetic_n120_p2000_k10,Random subsets,20260918,1,2,0.5,0.5174825174825175,0.47916666666666663,0.3541666666666667,0.6393749999999999,1,900,,,
synthetic_n120_p2000_k10,Random subsets,20260918,2,79,0.375,0.3881118881118881,0.47916666666666663,0.3333333333333333,0.6555208333333334,5,900,,,
synthetic_n120_p2000_k10,Random subsets,20260918,3,51,0.4166666666666667,0.41666666666666663,0.46875,0.2708333333333333,0.7107812499999999,4,900,,,
synthetic_n120_p2000_k10,Random subsets,20260918,4,4,0.625,0.625,0.46875,0.28125,0.7109375,2,900,,,
synthetic_n120_p2000_k10,Random subsets,20260919,0,3,0.4166666666666667,0.40559440559440557,0.47916666666666663,0.3125,0.6803645833333334,2,900,,,
synthetic_n120_p2000_k10,Random subsets,20260919,1,9,0.5833333333333334,0.5944055944055944,0.47916666666666663,0.2916666666666667,0.6996874999999999,3,900,,,
synthetic_n120_p2000_k10,Random subsets,20260919,2,90,0.5,0.5104895104895105,0.47916666666666663,0.3229166666666667,0.6652604166666668,4,900,,,
synthetic_n120_p2000_k10,Random subsets,20260919,3,3,0.5416666666666666,0.5416666666666667,0.46875,0.3229166666666667,0.6701562499999999,2,900,,,
synthetic_n120_p2000_k10,Random subsets,20260919,4,4,0.5833333333333334,0.5833333333333333,0.46875,0.3229166666666667,0.6698958333333334,3,900,,,
synthetic_n120_p2000_k10,Random subsets,20260920,0,10,0.3333333333333333,0.32867132867132864,0.47916666666666663,0.3229166666666667,0.6693229166666667,4,900,,,
synthetic_n120_p2000_k10,Random subsets,20260920,1,13,0.3333333333333333,0.35664335664335667,0.47916666666666663,0.3125,0.6786458333333333,5,900,,,
synthetic_n120_p2000_k10,Random subsets,20260920,2,30,0.625,0.6328671328671329,0.47916666666666663,0.2708333333333333,0.7107291666666667,3,900,,,
synthetic_n120_p2000_k10,Random subsets,20260920,3,6,0.625,0.625,0.46875,0.3125,0.6801562499999999,3,900,,,
synthetic_n120_p2000_k10,Random subsets,20260920,4,11,0.625,0.625,0.46875,0.3020833333333333,0.6878645833333334,3,900,,,
synthetic_n120_p2000_k10,Random subsets,20260921,0,3,0.3333333333333333,0.3356643356643357,0.47916666666666663,0.34375,0.6494791666666666,2,900,,,
synthetic_n120_p2000_k10,Random subsets,20260921,1,35,0.4166666666666667,0.40559440559440557,0.47916666666666663,0.3020833333333333,0.68515625,3,900,,,
synthetic_n120_p2000_k10,Random subsets,20260921,2,14,0.7083333333333334,0.7097902097902098,0.47916666666666663,0.28125,0.7086458333333333,5,900,,,
synthetic_n120_p2000_k10,Random subsets,20260921,3,44,0.625,0.625,0.46875,0.3229166666666667,0.6635416666666667,4,900,,,
synthetic_n120_p2000_k10,Random subsets,20260921,4,7,0.375,0.375,0.46875,0.3125,0.6793229166666668,3,900,,,
synthetic_n120_p2000_k10,Random subsets,20260922,0,26,0.7083333333333334,0.7083333333333333,0.46875,0.3020833333333333,0.6849479166666668,4,900,,,
synthetic_n120_p2000_k10,Random subsets,20260922,1,56,0.3333333333333333,0.3333333333333333,0.46875,0.3125,0.6762500000000001,4,900,,,
synthetic_n120_p2000_k10,Random subsets,20260922,2,13,0.5,0.49650349650349646,0.47916666666666663,0.3229166666666667,0.6693229166666665,3,900,,,
synthetic_n120_p2000_k10,Random subsets,20260922,3,3,0.5833333333333334,0.6013986013986015,0.47916666666666663,0.3020833333333333,0.6905729166666668,2,900,,,
synthetic_n120_p2000_k10,Random subsets,20260922,4,12,0.3333333333333333,0.34265734265734266,0.47916666666666663,0.2604166666666667,0.7290104166666667,3,900,,,
synthetic_n120_p2000_k10,Random subsets,20260923,0,9,0.5416666666666666,0.534965034965035,0.47916666666666663,0.34375,0.6489583333333334,2,900,,,
synthetic_n120_p2000_k10,Random subsets,20260923,1,7,0.5833333333333334,0.5734265734265734,0.47916666666666663,0.34375,0.6491145833333334,5,900,,,
synthetic_n120_p2000_k10,Random subsets,20260923,2,4,0.5833333333333334,0.5734265734265734,0.47916666666666663,0.3333333333333333,0.6595833333333333,6,900,,,
synthetic_n120_p2000_k10,Random subsets,20260923,3,2,0.4583333333333333,0.45833333333333337,0.46875,0.3541666666666667,0.6393749999999999,1,900,,,
synthetic_n120_p2000_k10,Random subsets,20260923,4,2,0.4583333333333333,0.45833333333333337,0.46875,0.2916666666666667,0.7012499999999999,1,900,,,
synthetic_n120_p2000_k10,t-test + BH,20260914,0,200,0.5833333333333334,0.5833333333333334,0.46875,0.07291666666666667,0.8759375,6,8,,,
synthetic_n120_p2000_k10,t-test + BH,20260914,1,200,0.5833333333333334,0.5833333333333333,0.46875,0.08333333333333333,0.8666145833333333,7,8,,,
synthetic_n120_p2000_k10,t-test + BH,20260914,2,200,0.4166666666666667,0.4405594405594406,0.47916666666666663,0.10416666666666667,0.8419791666666665,6,8,,,
synthetic_n120_p2000_k10,t-test + BH,20260914,3,200,0.2916666666666667,0.2972027972027972,0.47916666666666663,0.07291666666666667,0.8684895833333333,7,8,,,
synthetic_n120_p2000_k10,t-test + BH,20260914,4,200,0.4166666666666667,0.40559440559440557,0.47916666666666663,0.0625,0.8271354166666667,6,8,,,
synthetic_n120_p2000_k10,t-test + BH,20260915,0,20,0.375,0.37412587412587417,0.47916666666666663,0.0625,0.9183854166666667,4,8,,,
synthetic_n120_p2000_k10,t-test + BH,20260915,1,200,0.4583333333333333,0.465034965034965,0.47916666666666663,0.020833333333333332,0.9141145833333333,6,8,,,
synthetic_n120_p2000_k10,t-test + BH,20260915,2,50,0.4166666666666667,0.42657342657342656,0.47916666666666663,0.041666666666666664,0.92484375,5,8,,,
synthetic_n120_p2000_k10,t-test + BH,20260915,3,200,0.3333333333333333,0.33333333333333337,0.46875,0.08333333333333333,0.8659375,5,8,,,
synthetic_n120_p2000_k10,t-test + BH,20260915,4,100,0.375,0.375,0.46875,0.07291666666666667,0.8770833333333333,6,8,,,
synthetic_n120_p2000_k10,t-test + BH,20260916,0,100,0.4166666666666667,0.4166666666666667,0.46875,0.052083333333333336,0.9092708333333334,6,8,,,
synthetic_n120_p2000_k10,t-test + BH,20260916,1,100,0.4583333333333333,0.45833333333333337,0.46875,0.052083333333333336,0.9037499999999998,7,8,,,
synthetic_n120_p2000_k10,t-test + BH,20260916,2,200,0.4583333333333333,0.458041958041958,0.47916666666666663,0.052083333333333336,0.88515625,7,8,,,
synthetic_n120_p2000_k10,t-test + BH,20260916,3,50,0.3333333333333333,0.32167832167832167,0.47916666666666663,0.0625,0.8930208333333334,5,8,,,
synthetic_n120_p2000_k10,t-test + BH,20260916,4,50,0.4166666666666667,0.4195804195804196,0.47916666666666663,0.11458333333333333,0.8664583333333333,6,8,,,
synthetic_n120_p2000_k10,t-test + BH,20260917,0,200,0.625,0.625,0.46875,0.0625,0.8725520833333333,7,8,,,
synthetic_n120_p2000_k10,t-test + BH,20260917,1,100,0.5416666666666666,0.5416666666666667,0.46875,0.07291666666666667,0.8755729166666666,7,8,,,
synthetic_n120_p2000_k10,t-test + BH,20260917,2,200,0.5416666666666666,0.534965034965035,0.47916666666666663,0.052083333333333336,0.8589583333333333,5,8,,,
synthetic_n120_p2000_k10,t-test + BH,20260917,3,100,0.625,0.6258741258741258,0.47916666666666663,0.08333333333333333,0.8707291666666667,6,8,,,
synthetic_n120_p2000_k10,t-test + BH,20260917,4,100,0.4583333333333333,0.45104895104895104,0.47916666666666663,0.125,0.8361979166666665,7,8,,,
synthetic_n120_p2000_k10,t-test + BH,20260918,0,200,0.2916666666666667,0.2902097902097902,0.47916666666666663,0.0625,0.8491145833333333,7,8,,,
synthetic_n120_p2000_k10,t-test + BH,20260918,1,200,0.375,0.38111888111888115,0.47916666666666663,0.041666666666666664,0.8534375,6,8,,,
synthetic_n120_p2000_k10,t-test + BH,20260918,2,100,0.375,0.36713286713286714,0.47916666666666663,0.08333333333333333,0.8866145833333334,7,8,,,
synthetic_n120_p2000_k10,t-test + BH,20260918,3,50,0.5833333333333334,0.5833333333333334,0.46875,0.052083333333333336,0.9055208333333332,6,8,,,
synthetic_n120_p2000_k10,t-test + BH,20260918,4,100,0.375,0.375,0.46875,0.041666666666666664,0.9110416666666667,6,8,,,
synthetic_n120_p2000_k10,t-test + BH,20260919,0,200,0.375,0.3601398601398601,0.47916666666666663,0.052083333333333336,0.8819270833333334,7,8,,,
synthetic_n120_p2000_k10,t-test + BH,20260919,1,200,0.4166666666666667,0.40559440559440557,0.47916666666666663,0.125,0.8161979166666667,7,8,,,
synthetic_n120_p2000_k10,t-test + BH,20260919,2,200,0.4583333333333333,0.465034965034965,0.47916666666666663,0.09375,0.84359375,7,8,,,
synthetic_n120_p2000_k10,t-test + BH,20260919,3,200,0.5416666666666666,0.5416666666666666,0.46875,0.10416666666666667,0.7973958333333334,6,8,,,
synthetic_n120_p2000_k10,t-test + BH,20260919,4,100,0.4166666666666667,0.4166666666666667,0.46875,0.09375,0.8540625000000001,6,8,,,
synthetic_n120_p2000_k10,t-test + BH,20260920,0,50,0.4583333333333333,0.465034965034965,0.47916666666666663,0.0625,0.8858333333333334,4,8,,,
synthetic_n120_p2000_k10,t-test + BH,20260920,1,100,0.5,0.49650349650349646,0.47916666666666663,0.10416666666666667,0.8544270833333333,5,8,,,
synthetic_n120_p2000_k10,t-test + BH,20260920,2,200,0.4583333333333333,0.458041958041958,0.47916666666666663,0.052083333333333336,0.8741666666666665,7,8,,,
synthetic_n120_p2000_k10,t-test + BH,20260920,3,200,0.375,0.375,0.46875,0.020833333333333332,0.8935416666666668,6,8,,,
synthetic_n120_p2000_k10,t-test + BH,20260920,4,200,0.375,0.375,0.46875,0.052083333333333336,0.8445312500000001,6,8,,,
synthetic_n120_p2000_k10,t-test + BH,20260921,0,100,0.4166666666666667,0.4125874125874126,0.47916666666666663,0.10416666666666667,0.8438020833333333,6,8,,,
synthetic_n120_p2000_k10,t-test + BH,20260921,1,50,0.5,0.5034965034965035,0.47916666666666663,0.08333333333333333,0.87203125,5,8,,,
synthetic_n120_p2000_k10,t-test + BH,20260921,2,100,0.5416666666666666,0.534965034965035,0.47916666666666663,0.0625,0.8825520833333335,5,8,,,
synthetic_n120_p2000_k10,t-test + BH,20260921,3,100,0.5,0.5,0.46875,0.10416666666666667,0.8512500000000001,6,8,,,
synthetic_n120_p2000_k10,t-test + BH,20260921,4,200,0.5833333333333334,0.5833333333333333,0.46875,0.11458333333333333,0.8424479166666667,6,8,,,
synthetic_n120_p2000_k10,t-test + BH,20260922,0,50,0.5416666666666666,0.5416666666666666,0.46875,0.09375,0.8723958333333333,6,8,,,
synthetic_n120_p2000_k10,t-test + BH,20260922,1,100,0.4583333333333333,0.4583333333333333,0.46875,0.052083333333333336,0.8870833333333333,6,8,,,
synthetic_n120_p2000_k10,t-test + BH,20260922,2,200,0.4166666666666667,0.4195804195804196,0.47916666666666663,0.052083333333333336,0.8940104166666666,7,8,,,
synthetic_n120_p2000_k10,t-test + BH,20260922,3,200,0.4583333333333333,0.45104895104895104,0.47916666666666663,0.0625,0.8504687500000001,6,8,,,
synthetic_n120_p2000_k10,t-test + BH,20260922,4,100,0.5416666666666666,0.548951048951049,0.47916666666666663,0.041666666666666664,0.8770833333333332,6,8,,,
synthetic_n120_p2000_k10,t-test + BH,20260923,0,200,0.4583333333333333,0.458041958041958,0.47916666666666663,0.10416666666666667,0.8167708333333332,5,8,,,
synthetic_n120_p2000_k10,t-test + BH,20260923,1,50,0.3333333333333333,0.32867132867132864,0.47916666666666663,0.11458333333333333,0.8610937499999999,5,8,,,
synthetic_n120_p2000_k10,t-test + BH,20260923,2,200,0.5416666666666666,0.5559440559440559,0.47916666666666663,0.125,0.8475,6,8,,,
synthetic_n120_p2000_k10,t-test + BH,20260923,3,100,0.4583333333333333,0.45833333333333337,0.46875,0.15625,0.8207291666666667,6,8,,,
synthetic_n120_p2000_k10,t-test + BH,20260923,4,200,0.5833333333333334,0.5833333333333334,0.46875,0.10416666666666667,0.8344791666666667,8,8,,,
synthetic_n120_p2000_k10,mRMR,20260914,0,35,0.625,0.625,0.46875,0.07291666666666667,0.8980208333333332,6,7,,,
synthetic_n120_p2000_k10,mRMR,20260914,1,50,0.4583333333333333,0.45833333333333337,0.46875,0.13541666666666666,0.8486458333333333,5,7,,,
synthetic_n120_p2000_k10,mRMR,20260914,2,35,0.3333333333333333,0.34965034965034963,0.47916666666666663,0.14583333333333334,0.8380729166666665,4,7,,,
synthetic_n120_p2000_k10,mRMR,20260914,3,50,0.5,0.5104895104895105,0.47916666666666663,0.10416666666666667,0.8640625,6,7,,,
synthetic_n120_p2000_k10,mRMR,20260914,4,35,0.4166666666666667,0.4125874125874126,0.47916666666666663,0.1875,0.7965625000000001,5,7,,,
synthetic_n120_p2000_k10,mRMR,20260915,0,35,0.3333333333333333,0.32867132867132864,0.47916666666666663,0.0625,0.9189062499999999,5,7,,,
synthetic_n120_p2000_k10,mRMR,20260915,1,20,0.375,0.37412587412587417,0.47916666666666663,0.041666666666666664,0.9354687500000001,4,7,,,
synthetic_n120_p2000_k10,mRMR,20260915,2,50,0.4166666666666667,0.42657342657342656,0.47916666666666663,0.041666666666666664,0.9313541666666665,7,7,,,
synthetic_n120_p2000_k10,mRMR,20260915,3,20,0.5416666666666666,0.5416666666666666,0.46875,0.07291666666666667,0.9081250000000001,3,7,,,
synthetic_n120_p2000_k10,mRMR,20260915,4,50,0.4583333333333333,0.4583333333333333,0.46875,0.11458333333333333,0.8617187500000001,5,7,,,
synthetic_n120_p2000_k10,mRMR,20260916,0,35,0.4166666666666667,0.41666666666666663,0.46875,0.041666666666666664,0.9314062499999999,6,7,,,
synthetic_n120_p2000_k10,mRMR,20260916,1,35,0.25,0.25,0.46875,0.09375,0.8896874999999999,6,7,,,
synthetic_n120_p2000_k10,mRMR,20260916,2,50,0.4166666666666667,0.4195804195804196,0.47916666666666663,0.09375,0.8809895833333333,5,7,,,
synthetic_n120_p2000_k10,mRMR,20260916,3,50,0.3333333333333333,0.32867132867132864,0.47916666666666663,0.0625,0.9049999999999999,6,7,,,
synthetic_n120_p2000_k10,mRMR,20260916,4,35,0.5,0.48951048951048953,0.47916666666666663,0.10416666666666667,0.8781770833333333,6,7,,,
synthetic_n120_p2000_k10,mRMR,20260917,0,35,0.5416666666666666,0.5416666666666666,0.46875,0.11458333333333333,0.8649999999999999,5,7,,,
synthetic_n120_p2000_k10,mRMR,20260917,1,50,0.5416666666666666,0.5416666666666667,0.46875,0.10416666666666667,0.8630729166666666,6,7,,,
synthetic_n120_p2000_k10,mRMR,20260917,2,50,0.4583333333333333,0.465034965034965,0.47916666666666663,0.09375,0.8708854166666665,5,7,,,
synthetic_n120_p2000_k10,mRMR,20260917,3,35,0.5,0.48951048951048953,0.47916666666666663,0.10416666666666667,0.8678645833333333,5,7,,,
synthetic_n120_p2000_k10,mRMR,20260917,4,50,0.4583333333333333,0.45104895104895104,0.47916666666666663,0.15625,0.8243229166666666,7,7,,,
synthetic_n120_p2000_k10,mRMR,20260918,0,20,0.5,0.48951048951048953,0.47916666666666663,0.13541666666666666,0.8517708333333334,4,7,,,
synthetic_n120_p2000_k10,mRMR,20260918,1,50,0.3333333333333333,0.34265734265734266,0.47916666666666663,0.11458333333333333,0.8508333333333333,4,7,,,
synthetic_n120_p2000_k10,mRMR,20260918,2,35,0.5416666666666666,0.513986013986014,0.47916666666666663,0.08333333333333333,0.89390625,6,7,,,
synthetic_n120_p2000_k10,mRMR,20260918,3,50,0.5,0.5,0.46875,0.052083333333333336,0.9133333333333332,7,7,,,
synthetic_n120_p2000_k10,mRMR,20260918,4,35,0.2916666666666667,0.29166666666666663,0.46875,0.08333333333333333,0.9013541666666667,6,7,,,
synthetic_n120_p2000_k10,mRMR,20260919,0,50,0.4583333333333333,0.458041958041958,0.47916666666666663,0.09375,0.8846354166666668,7,7,,,
synthetic_n120_p2000_k10,mRMR,20260919,1,35,0.3333333333333333,0.3356643356643357,0.47916666666666663,0.15625,0.8234895833333333,5,7,,,
synthetic_n120_p2000_k10,mRMR,20260919,2,50,0.5,0.5174825174825175,0.47916666666666663,0.16666666666666666,0.8154687500000001,6,7,,,
synthetic_n120_p2000_k10,mRMR,20260919,3,50,0.625,0.625,0.46875,0.16666666666666666,0.8015625000000001,5,7,,,
synthetic_n120_p2000_k10,mRMR,20260919,4,35,0.4166666666666667,0.4166666666666667,0.46875,0.125,0.8534375,6,7,,,
synthetic_n120_p2000_k10,mRMR,20260920,0,50,0.5,0.5034965034965035,0.47916666666666663,0.07291666666666667,0.8918229166666666,5,7,,,
synthetic_n120_p2000_k10,mRMR,20260920,1,35,0.375,0.37412587412587417,0.47916666666666663,0.08333333333333333,0.8861979166666666,4,7,,,
synthetic_n120_p2000_k10,mRMR,20260920,2,35,0.375,0.37412587412587417,0.47916666666666663,0.10416666666666667,0.8763541666666665,6,7,,,
synthetic_n120_p2000_k10,mRMR,20260920,3,35,0.3333333333333333,0.33333333333333337,0.46875,0.07291666666666667,0.9003125,5,7,,,
synthetic_n120_p2000_k10,mRMR,20260920,4,50,0.375,0.375,0.46875,0.10416666666666667,0.8674479166666667,5,7,,,
synthetic_n120_p2000_k10,mRMR,20260921,0,50,0.5,0.5104895104895105,0.47916666666666663,0.13541666666666666,0.8341666666666667,7,7,,,
synthetic_n120_p2000_k10,mRMR,20260921,1,50,0.5,0.5034965034965035,0.47916666666666663,0.08333333333333333,0.8819270833333333,6,7,,,
synthetic_n120_p2000_k10,mRMR,20260921,2,50,0.5416666666666666,0.5419580419580419,0.47916666666666663,0.09375,0.8736979166666667,4,7,,,
synthetic_n120_p2000_k10,mRMR,20260921,3,35,0.5,0.5,0.46875,0.15625,0.8244270833333334,5,7,,,
synthetic_n120_p2000_k10,mRMR,20260921,4,35,0.4583333333333333,0.4583333333333333,0.46875,0.17708333333333334,0.8135416666666666,5,7,,,
synthetic_n120_p2000_k10,mRMR,20260922,0,50,0.5416666666666666,0.5416666666666666,0.46875,0.10416666666666667,0.8700520833333333,7,7,,,
synthetic_n120_p2000_k10,mRMR,20260922,1,35,0.3333333333333333,0.33333333333333337,0.46875,0.10416666666666667,0.8743229166666667,5,7,,,
synthetic_n120_p2000_k10,mRMR,20260922,2,35,0.5,0.5034965034965035,0.47916666666666663,0.09375,0.8875,5,7,,,
synthetic_n120_p2000_k10,mRMR,20260922,3,50,0.4166666666666667,0.4125874125874126,0.47916666666666663,0.125,0.8512500000000001,7,7,,,
synthetic_n120_p2000_k10,mRMR,20260922,4,50,0.5,0.5174825174825175,0.47916666666666663,0.15625,0.8260416666666666,5,7,,,
synthetic_n120_p2000_k10,mRMR,20260923,0,50,0.4583333333333333,0.47202797202797203,0.47916666666666663,0.16666666666666666,0.8115104166666666,5,7,,,
synthetic_n120_p2000_k10,mRMR,20260923,1,50,0.3333333333333333,0.32867132867132864,0.47916666666666663,0.09375,0.88140625,6,7,,,
synthetic_n120_p2000_k10,mRMR,20260923,2,50,0.5,0.5104895104895105,0.47916666666666663,0.125,0.85578125,5,7,,,
synthetic_n120_p2000_k10,mRMR,20260923,3,50,0.5,0.5,0.46875,0.15625,0.8241145833333333,6,7,,,
synthetic_n120_p2000_k10,mRMR,20260923,4,35,0.625,0.625,0.46875,0.14583333333333334,0.8371354166666666,6,7,,,
synthetic_n120_p2000_k10,LASSO path,20260914,0,69,0.5,0.5,0.46875,0.0,0.9333854166666667,4,7,,,
synthetic_n120_p2000_k10,LASSO path,20260914,1,61,0.625,0.625,0.46875,0.0,0.9239062499999999,3,7,,,
synthetic_n120_p2000_k10,LASSO path,20260914,2,54,0.4166666666666667,0.43356643356643354,0.47916666666666663,0.0,0.9356249999999999,3,7,,,
synthetic_n120_p2000_k10,LASSO path,20260914,3,55,0.2916666666666667,0.30419580419580416,0.47916666666666663,0.0,0.9359895833333334,3,7,,,
synthetic_n120_p2000_k10,LASSO path,20260914,4,47,0.5,0.49650349650349646,0.47916666666666663,0.0,0.94421875,3,7,,,
synthetic_n120_p2000_k10,LASSO path,20260915,0,49,0.4166666666666667,0.40559440559440557,0.47916666666666663,0.0,0.9421875,3,7,,,
synthetic_n120_p2000_k10,LASSO path,20260915,1,65,0.25,0.25874125874125875,0.47916666666666663,0.0,0.9451041666666667,3,7,,,
synthetic_n120_p2000_k10,LASSO path,20260915,2,68,0.3333333333333333,0.3356643356643357,0.47916666666666663,0.0,0.9488541666666667,4,7,,,
synthetic_n120_p2000_k10,LASSO path,20260915,3,55,0.3333333333333333,0.3333333333333333,0.46875,0.0,0.9470833333333333,3,7,,,
synthetic_n120_p2000_k10,LASSO path,20260915,4,59,0.5416666666666666,0.5416666666666667,0.46875,0.0,0.9324479166666666,3,7,,,
synthetic_n120_p2000_k10,LASSO path,20260916,0,51,0.4166666666666667,0.4166666666666667,0.46875,0.0,0.9447916666666666,3,7,,,
synthetic_n120_p2000_k10,LASSO path,20260916,1,60,0.5416666666666666,0.5416666666666667,0.46875,0.0,0.9322916666666667,3,7,,,
synthetic_n120_p2000_k10,LASSO path,20260916,2,63,0.5,0.48951048951048953,0.47916666666666663,0.0,0.9409374999999999,4,7,,,
synthetic_n120_p2000_k10,LASSO path,20260916,3,59,0.4583333333333333,0.458041958041958,0.47916666666666663,0.0,0.9328645833333333,4,7,,,
synthetic_n120_p2000_k10,LASSO path,20260916,4,34,0.4166666666666667,0.4125874125874126,0.47916666666666663,0.0,0.9478125,2,7,,,
synthetic_n120_p2000_k10,LASSO path,20260917,0,53,0.5416666666666666,0.5416666666666667,0.46875,0.0,0.9361458333333332,3,7,,,
synthetic_n120_p2000_k10,LASSO path,20260917,1,77,0.5833333333333334,0.5833333333333334,0.46875,0.0,0.7915104166666667,3,6,,,
synthetic_n120_p2000_k10,LASSO path,20260917,2,57,0.4166666666666667,0.4195804195804196,0.47916666666666663,0.0,0.9341666666666666,3,7,,,
synthetic_n120_p2000_k10,LASSO path,20260917,3,59,0.5833333333333334,0.5734265734265734,0.47916666666666663,0.0,0.9202604166666666,3,7,,,
synthetic_n120_p2000_k10,LASSO path,20260917,4,60,0.5416666666666666,0.534965034965035,0.47916666666666663,0.0,0.9254687500000001,3,7,,,
synthetic_n120_p2000_k10,LASSO path,20260918,0,54,0.375,0.36713286713286714,0.47916666666666663,0.0,0.9382291666666667,3,7,,,
synthetic_n120_p2000_k10,LASSO path,20260918,1,74,0.25,0.2517482517482518,0.47916666666666663,0.0,0.7896875000000001,4,6,,,
synthetic_n120_p2000_k10,LASSO path,20260918,2,51,0.375,0.3531468531468532,0.47916666666666663,0.0,0.9431770833333332,3,7,,,
synthetic_n120_p2000_k10,LASSO path,20260918,3,50,0.5,0.5,0.46875,0.0,0.93640625,3,7,,,
synthetic_n120_p2000_k10,LASSO path,20260918,4,53,0.4583333333333333,0.4583333333333333,0.46875,0.0,0.9586458333333333,3,7,,,
synthetic_n120_p2000_k10,LASSO path,20260919,0,54,0.4166666666666667,0.4125874125874126,0.47916666666666663,0.0,0.9310937499999999,3,7,,,
synthetic_n120_p2000_k10,LASSO path,20260919,1,76,0.4583333333333333,0.458041958041958,0.47916666666666663,0.0,0.9288541666666666,3,7,,,
synthetic_n120_p2000_k10,LASSO path,20260919,2,112,0.4583333333333333,0.47202797202797203,0.47916666666666663,0.0,0.9121875,4,7,,,
synthetic_n120_p2000_k10,LASSO path,20260919,3,68,0.7083333333333334,0.7083333333333333,0.46875,0.0,0.9254166666666667,4,7,,,
synthetic_n120_p2000_k10,LASSO path,20260919,4,58,0.4166666666666667,0.41666666666666663,0.46875,0.0,0.9286458333333333,3,7,,,
synthetic_n120_p2000_k10,LASSO path,20260920,0,53,0.5416666666666666,0.548951048951049,0.47916666666666663,0.0,0.9333854166666666,3,7,,,
synthetic_n120_p2000_k10,LASSO path,20260920,1,86,0.4166666666666667,0.4125874125874126,0.47916666666666663,0.0,0.9103125,4,7,,,
synthetic_n120_p2000_k10,LASSO path,20260920,2,52,0.5,0.49650349650349646,0.47916666666666663,0.0,0.9453125,3,7,,,
synthetic_n120_p2000_k10,LASSO path,20260920,3,57,0.5833333333333334,0.5833333333333333,0.46875,0.0,0.8238541666666667,2,6,,,
synthetic_n120_p2000_k10,LASSO path,20260920,4,61,0.375,0.375,0.46875,0.0,0.9372395833333332,3,7,,,
synthetic_n120_p2000_k10,LASSO path,20260921,0,85,0.3333333333333333,0.34265734265734266,0.47916666666666663,0.0,0.77953125,3,6,,,
synthetic_n120_p2000_k10,LASSO path,20260921,1,70,0.5416666666666666,0.5419580419580419,0.47916666666666663,0.0,0.9251041666666666,4,7,,,
synthetic_n120_p2000_k10,LASSO path,20260921,2,73,0.5833333333333334,0.5734265734265734,0.47916666666666663,0.0,0.9213020833333332,4,7,,,
synthetic_n120_p2000_k10,LASSO path,20260921,3,75,0.5416666666666666,0.5416666666666667,0.46875,0.0,0.8055729166666667,3,6,,,
synthetic_n120_p2000_k10,LASSO path,20260921,4,75,0.5833333333333334,0.5833333333333333,0.46875,0.0,0.9345833333333333,4,7,,,
synthetic_n120_p2000_k10,LASSO path,20260922,0,72,0.4166666666666667,0.41666666666666663,0.46875,0.0,0.9374479166666667,4,7,,,
synthetic_n120_p2000_k10,LASSO path,20260922,1,60,0.375,0.375,0.46875,0.0,0.9394791666666666,3,7,,,
synthetic_n120_p2000_k10,LASSO path,20260922,2,53,0.4166666666666667,0.4125874125874126,0.47916666666666663,0.0,0.9337500000000001,3,7,,,
synthetic_n120_p2000_k10,LASSO path,20260922,3,56,0.5,0.5034965034965035,0.47916666666666663,0.0,0.9329166666666666,3,7,,,
synthetic_n120_p2000_k10,LASSO path,20260922,4,54,0.5833333333333334,0.5944055944055944,0.47916666666666663,0.0,0.9402604166666666,3,7,,,
synthetic_n120_p2000_k10,LASSO path,20260923,0,64,0.4583333333333333,0.47202797202797203,0.47916666666666663,0.0,0.9330729166666666,3,7,,,
synthetic_n120_p2000_k10,LASSO path,20260923,1,65,0.375,0.37412587412587417,0.47916666666666663,0.0,0.9394791666666665,3,7,,,
synthetic_n120_p2000_k10,LASSO path,20260923,2,51,0.375,0.3881118881118881,0.47916666666666663,0.0,0.9413020833333333,3,7,,,
synthetic_n120_p2000_k10,LASSO path,20260923,3,71,0.375,0.375,0.46875,0.0,0.9164062500000001,4,7,,,
synthetic_n120_p2000_k10,LASSO path,20260923,4,65,0.5833333333333334,0.5833333333333334,0.46875,0.0,0.9386458333333334,3,7,,,
synthetic_n120_p2000_k10,Knockoff+,20260914,0,0,0.5,0.5,0.46875,1.0,0.0,0,0,,,
synthetic_n120_p2000_k10,Knockoff+,20260914,1,0,0.5,0.5,0.46875,1.0,0.0,0,0,,,
synthetic_n120_p2000_k10,Knockoff+,20260914,2,0,0.4583333333333333,0.5,0.47916666666666663,1.0,0.0,0,0,,,
synthetic_n120_p2000_k10,Knockoff+,20260914,3,0,0.4583333333333333,0.5,0.47916666666666663,1.0,0.0,0,0,,,
synthetic_n120_p2000_k10,Knockoff+,20260914,4,0,0.4583333333333333,0.5,0.47916666666666663,1.0,0.0,0,0,,,
synthetic_n120_p2000_k10,Knockoff+,20260915,0,0,0.4583333333333333,0.5,0.47916666666666663,1.0,0.0,0,0,,,
synthetic_n120_p2000_k10,Knockoff+,20260915,1,0,0.4583333333333333,0.5,0.47916666666666663,1.0,0.0,0,0,,,
synthetic_n120_p2000_k10,Knockoff+,20260915,2,0,0.4583333333333333,0.5,0.47916666666666663,1.0,0.0,0,0,,,
synthetic_n120_p2000_k10,Knockoff+,20260915,3,0,0.5,0.5,0.46875,1.0,0.0,0,0,,,
synthetic_n120_p2000_k10,Knockoff+,20260915,4,0,0.5,0.5,0.46875,1.0,0.0,0,0,,,
synthetic_n120_p2000_k10,Knockoff+,20260916,0,0,0.5,0.5,0.46875,1.0,0.0,0,0,,,
synthetic_n120_p2000_k10,Knockoff+,20260916,1,0,0.5,0.5,0.46875,1.0,0.0,0,0,,,
synthetic_n120_p2000_k10,Knockoff+,20260916,2,0,0.4583333333333333,0.5,0.47916666666666663,1.0,0.0,0,0,,,
synthetic_n120_p2000_k10,Knockoff+,20260916,3,0,0.4583333333333333,0.5,0.47916666666666663,1.0,0.0,0,0,,,
synthetic_n120_p2000_k10,Knockoff+,20260916,4,0,0.4583333333333333,0.5,0.47916666666666663,1.0,0.0,0,0,,,
synthetic_n120_p2000_k10,Knockoff+,20260917,0,0,0.5,0.5,0.46875,1.0,0.0,0,0,,,
synthetic_n120_p2000_k10,Knockoff+,20260917,1,0,0.5,0.5,0.46875,1.0,0.0,0,0,,,
synthetic_n120_p2000_k10,Knockoff+,20260917,2,0,0.4583333333333333,0.5,0.47916666666666663,1.0,0.0,0,0,,,
synthetic_n120_p2000_k10,Knockoff+,20260917,3,0,0.4583333333333333,0.5,0.47916666666666663,1.0,0.0,0,0,,,
synthetic_n120_p2000_k10,Knockoff+,20260917,4,0,0.4583333333333333,0.5,0.47916666666666663,1.0,0.0,0,0,,,
synthetic_n120_p2000_k10,Knockoff+,20260918,0,0,0.4583333333333333,0.5,0.47916666666666663,1.0,0.0,0,0,,,
synthetic_n120_p2000_k10,Knockoff+,20260918,1,0,0.4583333333333333,0.5,0.47916666666666663,1.0,0.0,0,0,,,
synthetic_n120_p2000_k10,Knockoff+,20260918,2,0,0.4583333333333333,0.5,0.47916666666666663,1.0,0.0,0,0,,,
synthetic_n120_p2000_k10,Knockoff+,20260918,3,0,0.5,0.5,0.46875,1.0,0.0,0,0,,,
synthetic_n120_p2000_k10,Knockoff+,20260918,4,0,0.5,0.5,0.46875,1.0,0.0,0,0,,,
synthetic_n120_p2000_k10,Knockoff+,20260919,0,0,0.4583333333333333,0.5,0.47916666666666663,1.0,0.0,0,0,,,
synthetic_n120_p2000_k10,Knockoff+,20260919,1,0,0.4583333333333333,0.5,0.47916666666666663,1.0,0.0,0,0,,,
synthetic_n120_p2000_k10,Knockoff+,20260919,2,0,0.4583333333333333,0.5,0.47916666666666663,1.0,0.0,0,0,,,
synthetic_n120_p2000_k10,Knockoff+,20260919,3,0,0.5,0.5,0.46875,1.0,0.0,0,0,,,
synthetic_n120_p2000_k10,Knockoff+,20260919,4,0,0.5,0.5,0.46875,1.0,0.0,0,0,,,
synthetic_n120_p2000_k10,Knockoff+,20260920,0,0,0.4583333333333333,0.5,0.47916666666666663,1.0,0.0,0,0,,,
synthetic_n120_p2000_k10,Knockoff+,20260920,1,0,0.4583333333333333,0.5,0.47916666666666663,1.0,0.0,0,0,,,
synthetic_n120_p2000_k10,Knockoff+,20260920,2,0,0.4583333333333333,0.5,0.47916666666666663,1.0,0.0,0,0,,,
synthetic_n120_p2000_k10,Knockoff+,20260920,3,0,0.5,0.5,0.46875,1.0,0.0,0,0,,,
synthetic_n120_p2000_k10,Knockoff+,20260920,4,0,0.5,0.5,0.46875,1.0,0.0,0,0,,,
synthetic_n120_p2000_k10,Knockoff+,20260921,0,0,0.4583333333333333,0.5,0.47916666666666663,1.0,0.0,0,0,,,
synthetic_n120_p2000_k10,Knockoff+,20260921,1,0,0.4583333333333333,0.5,0.47916666666666663,1.0,0.0,0,0,,,
synthetic_n120_p2000_k10,Knockoff+,20260921,2,0,0.4583333333333333,0.5,0.47916666666666663,1.0,0.0,0,0,,,
synthetic_n120_p2000_k10,Knockoff+,20260921,3,0,0.5,0.5,0.46875,1.0,0.0,0,0,,,
synthetic_n120_p2000_k10,Knockoff+,20260921,4,0,0.5,0.5,0.46875,1.0,0.0,0,0,,,
synthetic_n120_p2000_k10,Knockoff+,20260922,0,0,0.5,0.5,0.46875,1.0,0.0,0,0,,,
synthetic_n120_p2000_k10,Knockoff+,20260922,1,0,0.5,0.5,0.46875,1.0,0.0,0,0,,,
synthetic_n120_p2000_k10,Knockoff+,20260922,2,0,0.4583333333333333,0.5,0.47916666666666663,1.0,0.0,0,0,,,
synthetic_n120_p2000_k10,Knockoff+,20260922,3,0,0.4583333333333333,0.5,0.47916666666666663,1.0,0.0,0,0,,,
synthetic_n120_p2000_k10,Knockoff+,20260922,4,0,0.4583333333333333,0.5,0.47916666666666663,1.0,0.0,0,0,,,
synthetic_n120_p2000_k10,Knockoff+,20260923,0,0,0.4583333333333333,0.5,0.47916666666666663,1.0,0.0,0,0,,,
synthetic_n120_p2000_k10,Knockoff+,20260923,1,0,0.4583333333333333,0.5,0.47916666666666663,1.0,0.0,0,0,,,
synthetic_n120_p2000_k10,Knockoff+,20260923,2,0,0.4583333333333333,0.5,0.47916666666666663,1.0,0.0,0,0,,,
synthetic_n120_p2000_k10,Knockoff+,20260923,3,0,0.5,0.5,0.46875,1.0,0.0,0,0,,,
synthetic_n120_p2000_k10,Knockoff+,20260923,4,0,0.5,0.5,0.46875,1.0,0.0,0,0,,,
synthetic_n120_p2000_k10,Knockoff,20260914,0,0,0.5,0.5,0.46875,1.0,0.0,0,0,,,
synthetic_n120_p2000_k10,Knockoff,20260914,1,0,0.5,0.5,0.46875,1.0,0.0,0,0,,,
synthetic_n120_p2000_k10,Knockoff,20260914,2,0,0.4583333333333333,0.5,0.47916666666666663,1.0,0.0,0,0,,,
synthetic_n120_p2000_k10,Knockoff,20260914,3,0,0.4583333333333333,0.5,0.47916666666666663,1.0,0.0,0,0,,,
synthetic_n120_p2000_k10,Knockoff,20260914,4,0,0.4583333333333333,0.5,0.47916666666666663,1.0,0.0,0,0,,,
synthetic_n120_p2000_k10,Knockoff,20260915,0,0,0.4583333333333333,0.5,0.47916666666666663,1.0,0.0,0,0,,,
synthetic_n120_p2000_k10,Knockoff,20260915,1,0,0.4583333333333333,0.5,0.47916666666666663,1.0,0.0,0,0,,,
synthetic_n120_p2000_k10,Knockoff,20260915,2,0,0.4583333333333333,0.5,0.47916666666666663,1.0,0.0,0,0,,,
synthetic_n120_p2000_k10,Knockoff,20260915,3,0,0.5,0.5,0.46875,1.0,0.0,0,0,,,
synthetic_n120_p2000_k10,Knockoff,20260915,4,0,0.5,0.5,0.46875,1.0,0.0,0,0,,,
synthetic_n120_p2000_k10,Knockoff,20260916,0,0,0.5,0.5,0.46875,1.0,0.0,0,0,,,
synthetic_n120_p2000_k10,Knockoff,20260916,1,0,0.5,0.5,0.46875,1.0,0.0,0,0,,,
synthetic_n120_p2000_k10,Knockoff,20260916,2,0,0.4583333333333333,0.5,0.47916666666666663,1.0,0.0,0,0,,,
synthetic_n120_p2000_k10,Knockoff,20260916,3,0,0.4583333333333333,0.5,0.47916666666666663,1.0,0.0,0,0,,,
synthetic_n120_p2000_k10,Knockoff,20260916,4,0,0.4583333333333333,0.5,0.47916666666666663,1.0,0.0,0,0,,,
synthetic_n120_p2000_k10,Knockoff,20260917,0,1,0.4166666666666667,0.4166666666666667,0.46875,0.3020833333333333,0.6944270833333334,1,1,,,
synthetic_n120_p2000_k10,Knockoff,20260917,1,0,0.5,0.5,0.46875,1.0,0.0,0,0,,,
synthetic_n120_p2000_k10,Knockoff,20260917,2,0,0.4583333333333333,0.5,0.47916666666666663,1.0,0.0,0,0,,,
synthetic_n120_p2000_k10,Knockoff,20260917,3,0,0.4583333333333333,0.5,0.47916666666666663,1.0,0.0,0,0,,,
synthetic_n120_p2000_k10,Knockoff,20260917,4,0,0.4583333333333333,0.5,0.47916666666666663,1.0,0.0,0,0,,,
synthetic_n120_p2000_k10,Knockoff,20260918,0,0,0.4583333333333333,0.5,0.47916666666666663,1.0,0.0,0,0,,,
synthetic_n120_p2000_k10,Knockoff,20260918,1,0,0.4583333333333333,0.5,0.47916666666666663,1.0,0.0,0,0,,,
synthetic_n120_p2000_k10,Knockoff,20260918,2,0,0.4583333333333333,0.5,0.47916666666666663,1.0,0.0,0,0,,,
synthetic_n120_p2000_k10,Knockoff,20260918,3,1,0.4166666666666667,0.4166666666666667,0.46875,0.34375,0.65296875,1,1,,,
synthetic_n120_p2000_k10,Knockoff,20260918,4,1,0.375,0.375,0.46875,0.34375,0.65296875,1,1,,,
synthetic_n120_p2000_k10,Knockoff,20260919,0,0,0.4583333333333333,0.5,0.47916666666666663,1.0,0.0,0,0,,,
synthetic_n120_p2000_k10,Knockoff,20260919,1,0,0.4583333333333333,0.5,0.47916666666666663,1.0,0.0,0,0,,,
synthetic_n120_p2000_k10,Knockoff,20260919,2,0,0.4583333333333333,0.5,0.47916666666666663,1.0,0.0,0,0,,,
synthetic_n120_p2000_k10,Knockoff,20260919,3,0,0.5,0.5,0.46875,1.0,0.0,0,0,,,
synthetic_n120_p2000_k10,Knockoff,20260919,4,0,0.5,0.5,0.46875,1.0,0.0,0,0,,,
synthetic_n120_p2000_k10,Knockoff,20260920,0,0,0.4583333333333333,0.5,0.47916666666666663,1.0,0.0,0,0,,,
synthetic_n120_p2000_k10,Knockoff,20260920,1,0,0.4583333333333333,0.5,0.47916666666666663,1.0,0.0,0,0,,,
synthetic_n120_p2000_k10,Knockoff,20260920,2,0,0.4583333333333333,0.5,0.47916666666666663,1.0,0.0,0,0,,,
synthetic_n120_p2000_k10,Knockoff,20260920,3,0,0.5,0.5,0.46875,1.0,0.0,0,0,,,
synthetic_n120_p2000_k10,Knockoff,20260920,4,0,0.5,0.5,0.46875,1.0,0.0,0,0,,,
synthetic_n120_p2000_k10,Knockoff,20260921,0,0,0.4583333333333333,0.5,0.47916666666666663,1.0,0.0,0,0,,,
synthetic_n120_p2000_k10,Knockoff,20260921,1,0,0.4583333333333333,0.5,0.47916666666666663,1.0,0.0,0,0,,,
synthetic_n120_p2000_k10,Knockoff,20260921,2,0,0.4583333333333333,0.5,0.47916666666666663,1.0,0.0,0,0,,,
synthetic_n120_p2000_k10,Knockoff,20260921,3,0,0.5,0.5,0.46875,1.0,0.0,0,0,,,
synthetic_n120_p2000_k10,Knockoff,20260921,4,0,0.5,0.5,0.46875,1.0,0.0,0,0,,,
synthetic_n120_p2000_k10,Knockoff,20260922,0,0,0.5,0.5,0.46875,1.0,0.0,0,0,,,
synthetic_n120_p2000_k10,Knockoff,20260922,1,0,0.5,0.5,0.46875,1.0,0.0,0,0,,,
synthetic_n120_p2000_k10,Knockoff,20260922,2,0,0.4583333333333333,0.5,0.47916666666666663,1.0,0.0,0,0,,,
synthetic_n120_p2000_k10,Knockoff,20260922,3,0,0.4583333333333333,0.5,0.47916666666666663,1.0,0.0,0,0,,,
synthetic_n120_p2000_k10,Knockoff,20260922,4,0,0.4583333333333333,0.5,0.47916666666666663,1.0,0.0,0,0,,,
synthetic_n120_p2000_k10,Knockoff,20260923,0,0,0.4583333333333333,0.5,0.47916666666666663,1.0,0.0,0,0,,,
synthetic_n120_p2000_k10,Knockoff,20260923,1,1,0.4166666666666667,0.4125874125874126,0.47916666666666663,0.3645833333333333,0.6322395833333334,1,1,,,
synthetic_n120_p2000_k10,Knockoff,20260923,2,1,0.4166666666666667,0.43356643356643354,0.47916666666666663,0.34375,0.65296875,1,1,,,
synthetic_n120_p2000_k10,Knockoff,20260923,3,0,0.5,0.5,0.46875,1.0,0.0,0,0,,,
synthetic_n120_p2000_k10,Knockoff,20260923,4,0,0.5,0.5,0.46875,1.0,0.0,0,0,,,
colon,NSGA-II,20260914,0,15,0.3076923076923077,0.325,0.34693877551020413,0.12132352941176472,0.8703002450980392,5,887,,,
colon,NSGA-II,20260914,1,19,0.46153846153846156,0.5625,0.34693877551020413,0.1409313725490196,0.8519607843137254,8,873,,,
colon,NSGA-II,20260914,2,12,0.4166666666666667,0.5,0.36,0.07965686274509803,0.912230392156863,11,878,,,
colon,NSGA-II,20260914,3,7,0.4166666666666667,0.4375,0.36,0.1213235294117647,0.8717708333333333,8,886,,,
colon,NSGA-II,20260914,4,16,0.3333333333333333,0.375,0.36,0.06004901960784314,0.928829656862745,8,889,,,
colon,NSGA-II,20260915,0,28,0.6153846153846154,0.6875,0.34693877551020413,0.08088235294117647,0.9081985294117647,9,885,,,
colon,NSGA-II,20260915,1,4,0.46153846153846156,0.525,0.34693877551020413,0.18137254901960786,0.8133884803921567,7,872,,,
colon,NSGA-II,20260915,2,4,0.5833333333333334,0.6875,0.36,0.19607843137254902,0.7991666666666667,4,876,,,
colon,NSGA-II,20260915,3,10,0.5,0.625,0.36,0.15931372549019607,0.8337377450980392,11,873,,,
colon,NSGA-II,20260915,4,8,0.25,0.375,0.36,0.18014705882352944,0.8135784313725489,5,878,,,
colon,NSGA-II,20260916,0,18,0.6153846153846154,0.6125,0.34693877551020413,0.14215686274509806,0.8481127450980391,8,898,,,
colon,NSGA-II,20260916,1,12,0.46153846153846156,0.525,0.34693877551020413,0.06127450980392157,0.9315441176470589,7,890,,,
colon,NSGA-II,20260916,2,9,0.4166666666666667,0.5,0.36,0.2181372549019608,0.7768566176470589,7,877,,,
colon,NSGA-II,20260916,3,8,0.5833333333333334,0.5625,0.36,0.11887254901960785,0.873719362745098,6,864,,,
colon,NSGA-II,20260916,4,6,0.4166666666666667,0.5,0.36,0.15808823529411764,0.836531862745098,8,878,,,
colon,NSGA-II,20260917,0,26,0.23076923076923078,0.3,0.34693877551020413,0.18627450980392157,0.8047120098039215,7,895,,,
colon,NSGA-II,20260917,1,6,0.5384615384615384,0.5125,0.34693877551020413,0.12132352941176472,0.8724080882352941,8,875,,,
colon,NSGA-II,20260917,2,13,0.5833333333333334,0.6875,0.36,0.15931372549019607,0.833952205882353,8,885,,,
colon,NSGA-II,20260917,3,10,0.5,0.5,0.36,0.10171568627450982,0.8895833333333334,7,886,,,
colon,NSGA-II,20260917,4,10,0.5833333333333334,0.5625,0.36,0.11887254901960785,0.8730330882352942,9,874,,,
colon,NSGA-II,20260918,0,19,0.5384615384615384,0.55,0.34693877551020413,0.0625,0.9216421568627449,18,889,,,
colon,NSGA-II,20260918,1,11,0.5384615384615384,0.5875,0.34693877551020413,0.10049019607843139,0.8893811274509804,8,896,,,
colon,NSGA-II,20260918,2,5,0.6666666666666666,0.625,0.36,0.16176470588235295,0.8322426470588236,6,882,,,
colon,NSGA-II,20260918,3,8,0.4166666666666667,0.5,0.36,0.13848039215686275,0.8543627450980392,7,884,,,
colon,NSGA-II,20260918,4,7,0.5833333333333334,0.6875,0.36,0.22058823529411764,0.7745220588235293,6,865,,,
colon,NSGA-II,20260919,0,7,0.3076923076923077,0.4,0.34693877551020413,0.12377450980392157,0.8707659313725489,9,886,,,
colon,NSGA-II,20260919,1,10,0.3076923076923077,0.325,0.34693877551020413,0.12254901960784315,0.8701654411764708,7,876,,,
colon,NSGA-II,20260919,2,8,0.6666666666666666,0.6875,0.36,0.1176470588235294,0.8751838235294119,6,877,,,
colon,NSGA-II,20260919,3,10,0.25,0.3125,0.36,0.15808823529411764,0.8359803921568628,8,882,,,
colon,NSGA-II,20260919,4,5,0.4166666666666667,0.5,0.36,0.09926470588235294,0.8950122549019608,7,879,,,
colon,NSGA-II,20260920,0,8,0.38461538461538464,0.425,0.34693877551020413,0.18137254901960786,0.8134803921568629,6,869,,,
colon,NSGA-II,20260920,1,5,0.38461538461538464,0.4625,0.34693877551020413,0.18137254901960786,0.8131924019607844,5,866,,,
colon,NSGA-II,20260920,2,11,0.4166666666666667,0.5,0.36,0.11887254901960785,0.8723406862745096,6,876,,,
colon,NSGA-II,20260920,3,14,0.25,0.3125,0.36,0.12009803921568628,0.8713725490196079,9,887,,,
colon,NSGA-II,20260920,4,9,0.5,0.5625,0.36,0.10049019607843136,0.892389705882353,8,886,,,
colon,NSGA-II,20260921,0,9,0.46153846153846156,0.4875,0.34693877551020413,0.08088235294117647,0.9119852941176472,6,875,,,
colon,NSGA-II,20260921,1,13,0.6153846153846154,0.575,0.34693877551020413,0.10171568627450982,0.8904901960784315,11,877,,,
colon,NSGA-II,20260921,2,9,0.5,0.5625,0.36,0.12009803921568628,0.8717769607843138,8,884,,,
colon,NSGA-II,20260921,3,36,0.4166666666666667,0.5,0.36,0.10049019607843136,0.8868872549019609,10,891,,,
colon,NSGA-II,20260921,4,12,0.4166666666666667,0.375,0.36,0.13848039215686275,0.8547671568627451,8,878,,,
colon,NSGA-II,20260922,0,11,0.46153846153846156,0.45,0.34693877551020413,0.09926470588235294,0.8928982843137254,9,873,,,
colon,NSGA-II,20260922,1,11,0.38461538461538464,0.425,0.34693877551020413,0.12009803921568628,0.8722120098039217,8,881,,,
colon,NSGA-II,20260922,2,6,0.3333333333333333,0.4375,0.36,0.17769607843137256,0.8173590686274509,6,867,,,
colon,NSGA-II,20260922,3,6,0.5,0.5625,0.36,0.17892156862745098,0.8155575980392156,6,867,,,
colon,NSGA-II,20260922,4,9,0.3333333333333333,0.4375,0.36,0.19852941176470587,0.7969852941176471,5,878,,,
colon,NSGA-II,20260923,0,11,0.6153846153846154,0.65,0.34693877551020413,0.1409313725490196,0.8520588235294118,11,867,,,
colon,NSGA-II,20260923,1,7,0.5384615384615384,0.625,0.34693877551020413,0.1409313725490196,0.8521017156862745,7,870,,,
colon,NSGA-II,20260923,2,9,0.5833333333333334,0.5625,0.36,0.18137254901960786,0.8128737745098038,4,883,,,
colon,NSGA-II,20260923,3,22,0.5833333333333334,0.5,0.36,0.13848039215686272,0.8474509803921569,11,886,,,
colon,NSGA-II,20260923,4,5,0.25,0.25,0.36,0.2193627450980392,0.7757904411764706,5,883,,,
colon,NSGA-III,20260914,0,4,0.3076923076923077,0.3625,0.34693877551020413,0.16299019607843138,0.8314767156862746,3,889,,,
colon,NSGA-III,20260914,1,30,0.38461538461538464,0.4625,0.34693877551020413,0.10049019607843139,0.8871078431372551,6,895,,,
colon,NSGA-III,20260914,2,15,0.4166666666666667,0.5,0.36,0.12009803921568628,0.8719117647058822,6,897,,,
colon,NSGA-III,20260914,3,10,0.25,0.3125,0.36,0.09926470588235294,0.890575980392157,7,890,,,
colon,NSGA-III,20260914,4,9,0.5,0.5,0.36,0.07965686274509803,0.9106862745098039,5,895,,,
colon,NSGA-III,20260915,0,13,0.46153846153846156,0.45,0.34693877551020413,0.10294117647058824,0.8873345588235293,7,894,,,
colon,NSGA-III,20260915,1,7,0.46153846153846156,0.4875,0.34693877551020413,0.16053921568627452,0.8333946078431372,5,890,,,
colon,NSGA-III,20260915,2,7,0.6666666666666666,0.75,0.36,0.15808823529411764,0.835484068627451,5,883,,,
colon,NSGA-III,20260915,3,5,0.25,0.3125,0.36,0.1801470588235294,0.8143627450980391,5,876,,,
colon,NSGA-III,20260915,4,7,0.4166666666666667,0.5,0.36,0.18014705882352944,0.813952205882353,4,879,,,
colon,NSGA-III,20260916,0,15,0.3076923076923077,0.25,0.34693877551020413,0.08088235294117647,0.9049571078431372,8,897,,,
colon,NSGA-III,20260916,1,7,0.5384615384615384,0.5875,0.34693877551020413,0.12254901960784315,0.8710110294117647,5,892,,,
colon,NSGA-III,20260916,2,6,0.4166666666666667,0.5,0.36,0.12009803921568628,0.8731066176470589,5,882,,,
colon,NSGA-III,20260916,3,8,0.5833333333333334,0.625,0.36,0.12009803921568628,0.8724448529411765,6,892,,,
colon,NSGA-III,20260916,4,3,0.4166666666666667,0.5,0.36,0.17769607843137256,0.8173958333333334,2,881,,,
colon,NSGA-III,20260917,0,15,0.38461538461538464,0.5,0.34693877551020413,0.10171568627450982,0.8848468137254902,6,885,,,
colon,NSGA-III,20260917,1,7,0.46153846153846156,0.4875,0.34693877551020413,0.20465686274509806,0.7899938725490196,5,884,,,
colon,NSGA-III,20260917,2,7,0.5833333333333334,0.6875,0.36,0.18014705882352944,0.8139950980392157,6,886,,,
colon,NSGA-III,20260917,3,10,0.5,0.4375,0.36,0.15931372549019607,0.8336825980392158,5,890,,,
colon,NSGA-III,20260917,4,6,0.5833333333333334,0.6875,0.36,0.17892156862745098,0.8156372549019607,5,892,,,
colon,NSGA-III,20260918,0,5,0.46153846153846156,0.45,0.34693877551020413,0.18382352941176472,0.8107659313725489,5,893,,,
colon,NSGA-III,20260918,1,6,0.3076923076923077,0.4,0.34693877551020413,0.1642156862745098,0.8291421568627452,3,888,,,
colon,NSGA-III,20260918,2,6,0.5833333333333334,0.625,0.36,0.1997549019607843,0.7946200980392157,6,890,,,
colon,NSGA-III,20260918,3,7,0.4166666666666667,0.5625,0.36,0.19852941176470587,0.7957352941176471,5,882,,,
colon,NSGA-III,20260918,4,4,0.3333333333333333,0.4375,0.36,0.1801470588235294,0.8144607843137255,3,881,,,
colon,NSGA-III,20260919,0,8,0.3076923076923077,0.4,0.34693877551020413,0.12254901960784315,0.8712071078431373,5,892,,,
colon,NSGA-III,20260919,1,7,0.46153846153846156,0.525,0.34693877551020413,0.1642156862745098,0.8299203431372548,5,889,,,
colon,NSGA-III,20260919,2,9,0.5833333333333334,0.625,0.36,0.1409313725490196,0.852218137254902,6,891,,,
colon,NSGA-III,20260919,3,7,0.3333333333333333,0.375,0.36,0.15808823529411764,0.8347977941176471,4,889,,,
colon,NSGA-III,20260919,4,9,0.3333333333333333,0.25,0.36,0.12009803921568628,0.8728186274509804,7,890,,,
colon,NSGA-III,20260920,0,6,0.46153846153846156,0.525,0.34693877551020413,0.1409313725490196,0.8534375000000001,4,881,,,
colon,NSGA-III,20260920,1,12,0.38461538461538464,0.4625,0.34693877551020413,0.16299019607843138,0.8298406862745099,4,888,,,
colon,NSGA-III,20260920,2,6,0.3333333333333333,0.375,0.36,0.15808823529411764,0.8359681372549019,4,890,,,
colon,NSGA-III,20260920,3,8,0.5,0.5625,0.36,0.16176470588235295,0.831642156862745,5,884,,,
colon,NSGA-III,20260920,4,17,0.4166666666666667,0.5,0.36,0.1213235294117647,0.8666299019607844,7,897,,,
colon,NSGA-III,20260921,0,8,0.23076923076923078,0.3,0.34693877551020413,0.10171568627450982,0.8914399509803922,5,878,,,
colon,NSGA-III,20260921,1,7,0.46153846153846156,0.525,0.34693877551020413,0.12377450980392157,0.8699448529411766,5,894,,,
colon,NSGA-III,20260921,2,8,0.5,0.625,0.36,0.12009803921568628,0.8721078431372549,4,887,,,
colon,NSGA-III,20260921,3,11,0.3333333333333333,0.3125,0.36,0.11887254901960785,0.8704289215686275,5,895,,,
colon,NSGA-III,20260921,4,7,0.4166666666666667,0.375,0.36,0.1372549019607843,0.8546200980392156,3,886,,,
colon,NSGA-III,20260922,0,11,0.6153846153846154,0.65,0.34693877551020413,0.10049019607843139,0.8927328431372549,5,883,,,
colon,NSGA-III,20260922,1,6,0.38461538461538464,0.425,0.34693877551020413,0.12254901960784315,0.8708210784313725,4,875,,,
colon,NSGA-III,20260922,2,6,0.3333333333333333,0.375,0.36,0.13970588235294118,0.8541911764705881,5,877,,,
colon,NSGA-III,20260922,3,5,0.3333333333333333,0.3125,0.36,0.17769607843137256,0.8175428921568627,4,882,,,
colon,NSGA-III,20260922,4,6,0.4166666666666667,0.5,0.36,0.18137254901960786,0.8138357843137254,3,881,,,
colon,NSGA-III,20260923,0,8,0.3076923076923077,0.325,0.34693877551020413,0.16299019607843138,0.8310232843137255,4,882,,,
colon,NSGA-III,20260923,1,5,0.46153846153846156,0.4875,0.34693877551020413,0.16299019607843138,0.8311090686274509,5,883,,,
colon,NSGA-III,20260923,2,6,0.5,0.5,0.36,0.2218137254901961,0.7729963235294118,5,896,,,
colon,NSGA-III,20260923,3,7,0.5,0.5,0.36,0.19852941176470587,0.7958088235294118,3,881,,,
colon,NSGA-III,20260923,4,4,0.6666666666666666,0.75,0.36,0.16053921568627452,0.8336703431372549,4,886,,,
colon,Random subsets,20260914,0,2,0.5384615384615384,0.5875,0.34693877551020413,0.22549019607843138,0.7667647058823529,1,900,,,
colon,Random subsets,20260914,1,24,0.46153846153846156,0.525,0.34693877551020413,0.16176470588235295,0.8220036764705883,4,900,,,
colon,Random subsets,20260914,2,53,0.3333333333333333,0.4375,0.36,0.09926470588235294,0.8733210784313726,5,900,,,
colon,Random subsets,20260914,3,4,0.3333333333333333,0.375,0.36,0.24019607843137256,0.7520098039215687,2,900,,,
colon,Random subsets,20260914,4,76,0.4166666666666667,0.375,0.36,0.1593137254901961,0.8155330882352941,5,900,,,
colon,Random subsets,20260915,0,55,0.5384615384615384,0.5875,0.34693877551020413,0.22303921568627452,0.7660294117647057,6,900,,,
colon,Random subsets,20260915,1,16,0.3076923076923077,0.3625,0.34693877551020413,0.24264705882352944,0.7481678921568627,5,900,,,
colon,Random subsets,20260915,2,3,0.6666666666666666,0.75,0.36,0.25735294117647056,0.7352083333333334,2,900,,,
colon,Random subsets,20260915,3,41,0.6666666666666666,0.5625,0.36,0.23897058823529413,0.7491421568627451,5,900,,,
colon,Random subsets,20260915,4,2,0.5833333333333334,0.625,0.36,0.25980392156862747,0.7327941176470588,1,900,,,
colon,Random subsets,20260916,0,20,0.3076923076923077,0.325,0.34693877551020413,0.20710784313725492,0.7836397058823529,2,900,,,
colon,Random subsets,20260916,1,10,0.46153846153846156,0.4875,0.34693877551020413,0.20465686274509806,0.7859068627450979,4,900,,,
colon,Random subsets,20260916,2,3,0.25,0.25,0.36,0.24019607843137256,0.7520036764705882,2,900,,,
colon,Random subsets,20260916,3,34,0.6666666666666666,0.6875,0.36,0.1997549019607843,0.7871752450980393,4,900,,,
colon,Random subsets,20260916,4,2,0.25,0.375,0.36,0.25735294117647056,0.7352205882352941,1,900,,,
colon,Random subsets,20260917,0,2,0.46153846153846156,0.5625,0.34693877551020413,0.26348039215686275,0.729154411764706,1,900,,,
colon,Random subsets,20260917,1,2,0.38461538461538464,0.5,0.34693877551020413,0.2843137254901961,0.7085294117647057,1,900,,,
colon,Random subsets,20260917,2,2,0.25,0.375,0.36,0.27818627450980393,0.7145955882352941,1,900,,,
colon,Random subsets,20260917,3,11,0.4166666666666667,0.5625,0.36,0.27818627450980393,0.713970588235294,3,900,,,
colon,Random subsets,20260917,4,10,0.5833333333333334,0.6875,0.36,0.25980392156862747,0.7316789215686275,5,900,,,
colon,Random subsets,20260918,0,2,0.38461538461538464,0.3875,0.34693877551020413,0.20710784313725492,0.7849632352941176,1,900,,,
colon,Random subsets,20260918,1,6,0.5384615384615384,0.5875,0.34693877551020413,0.2218137254901961,0.7699142156862745,2,900,,,
colon,Random subsets,20260918,2,2,0.5833333333333334,0.625,0.36,0.24142156862745098,0.7509926470588235,1,900,,,
colon,Random subsets,20260918,3,7,0.3333333333333333,0.375,0.36,0.27818627450980393,0.7140563725490197,3,900,,,
colon,Random subsets,20260918,4,9,0.3333333333333333,0.3125,0.36,0.25980392156862747,0.7316115196078432,4,900,,,
colon,Random subsets,20260919,0,3,0.38461538461538464,0.425,0.34693877551020413,0.22426470588235295,0.7676654411764706,2,900,,,
colon,Random subsets,20260919,1,4,0.3076923076923077,0.325,0.34693877551020413,0.22426470588235295,0.7673651960784312,2,900,,,
colon,Random subsets,20260919,2,2,0.4166666666666667,0.5625,0.36,0.2426470588235294,0.7497794117647059,1,900,,,
colon,Random subsets,20260919,3,5,0.4166666666666667,0.5,0.36,0.2218137254901961,0.7698468137254902,3,900,,,
colon,Random subsets,20260919,4,24,0.4166666666666667,0.5,0.36,0.2181372549019608,0.7714093137254902,3,900,,,
colon,Random subsets,20260920,0,6,0.46153846153846156,0.4875,0.34693877551020413,0.2218137254901961,0.7696691176470587,5,900,,,
colon,Random subsets,20260920,1,4,0.38461538461538464,0.4625,0.34693877551020413,0.22303921568627452,0.7686764705882352,3,900,,,
colon,Random subsets,20260920,2,41,0.5833333333333334,0.5625,0.36,0.2426470588235294,0.7468811274509805,3,900,,,
colon,Random subsets,20260920,3,32,0.5,0.5,0.36,0.22058823529411764,0.7663296568627452,4,900,,,
colon,Random subsets,20260920,4,42,0.5,0.5625,0.36,0.27941176470588236,0.7131372549019608,3,900,,,
colon,Random subsets,20260921,0,15,0.3076923076923077,0.4,0.34693877551020413,0.2218137254901961,0.7690502450980392,2,900,,,
colon,Random subsets,20260921,1,32,0.5384615384615384,0.55,0.34693877551020413,0.14215686274509806,0.8396323529411766,5,900,,,
colon,Random subsets,20260921,2,46,0.4166666666666667,0.5,0.36,0.22303921568627452,0.7650122549019608,3,900,,,
colon,Random subsets,20260921,3,6,0.4166666666666667,0.5625,0.36,0.25857843137254904,0.7335845588235294,3,900,,,
colon,Random subsets,20260921,4,5,0.3333333333333333,0.4375,0.36,0.1801470588235294,0.810049019607843,4,900,,,
colon,Random subsets,20260922,0,6,0.38461538461538464,0.425,0.34693877551020413,0.20465686274509806,0.7870036764705882,3,900,,,
colon,Random subsets,20260922,1,18,0.3076923076923077,0.3625,0.34693877551020413,0.24264705882352944,0.7494791666666667,3,900,,,
colon,Random subsets,20260922,2,2,0.5833333333333334,0.6875,0.36,0.2610294117647059,0.7315808823529412,1,900,,,
colon,Random subsets,20260922,3,2,0.3333333333333333,0.375,0.36,0.2573529411764706,0.7352205882352941,1,900,,,
colon,Random subsets,20260922,4,2,0.4166666666666667,0.5,0.36,0.22303921568627452,0.7691911764705882,1,900,,,
colon,Random subsets,20260923,0,6,0.46153846153846156,0.525,0.34693877551020413,0.2647058823529412,0.7275367647058822,4,900,,,
colon,Random subsets,20260923,1,4,0.46153846153846156,0.4875,0.34693877551020413,0.24387254901960786,0.7477696078431373,2,900,,,
colon,Random subsets,20260923,2,8,0.4166666666666667,0.5,0.36,0.24264705882352944,0.7481249999999998,2,900,,,
colon,Random subsets,20260923,3,6,0.4166666666666667,0.4375,0.36,0.2977941176470588,0.6950551470588235,3,900,,,
colon,Random subsets,20260923,4,5,0.3333333333333333,0.4375,0.36,0.2806372549019608,0.7118566176470588,2,900,,,
colon,t-test + BH,20260914,0,2,0.38461538461538464,0.4625,0.34693877551020413,0.1825980392156863,0.8131066176470588,2,8,,,
colon,t-test + BH,20260914,1,5,0.46153846153846156,0.5625,0.34693877551020413,0.22426470588235295,0.7706311274509803,3,8,,,
colon,t-test + BH,20260914,2,50,0.6666666666666666,0.75,0.36,0.23897058823529413,0.7553492647058824,5,9,,,
colon,t-test + BH,20260914,3,20,0.3333333333333333,0.4375,0.36,0.22058823529411764,0.7716973039215685,3,8,,,
colon,t-test + BH,20260914,4,20,0.5,0.5,0.36,0.2193627450980392,0.774252450980392,5,8,,,
colon,t-test + BH,20260915,0,20,0.5384615384615384,0.55,0.34693877551020413,0.1825980392156863,0.8092095588235294,4,8,,,
colon,t-test + BH,20260915,1,5,0.38461538461538464,0.425,0.34693877551020413,0.26348039215686275,0.7319546568627451,2,8,,,
colon,t-test + BH,20260915,2,5,0.75,0.8125,0.36,0.2965686274509804,0.6998897058823529,2,8,,,
colon,t-test + BH,20260915,3,2,0.4166666666666667,0.4375,0.36,0.1997549019607843,0.7959436274509805,2,8,,,
colon,t-test + BH,20260915,4,1,0.3333333333333333,0.4375,0.36,0.2622549019607843,0.7340563725490197,1,8,,,
colon,t-test + BH,20260916,0,2,0.46153846153846156,0.4125,0.34693877551020413,0.1825980392156863,0.8125919117647059,2,8,,,
colon,t-test + BH,20260916,1,5,0.3076923076923077,0.3625,0.34693877551020413,0.18137254901960786,0.8124754901960783,2,8,,,
colon,t-test + BH,20260916,2,20,0.25,0.25,0.36,0.27941176470588236,0.7165747549019609,3,8,,,
colon,t-test + BH,20260916,3,5,0.3333333333333333,0.5,0.36,0.2193627450980392,0.7749938725490196,3,8,,,
colon,t-test + BH,20260916,4,5,0.25,0.25,0.36,0.22058823529411764,0.7747487745098041,3,8,,,
colon,t-test + BH,20260917,0,5,0.6153846153846154,0.65,0.34693877551020413,0.24387254901960786,0.7514031862745099,3,8,,,
colon,t-test + BH,20260917,1,10,0.5384615384615384,0.5875,0.34693877551020413,0.26348039215686275,0.7318014705882351,3,8,,,
colon,t-test + BH,20260917,2,5,0.4166666666666667,0.5,0.36,0.2622549019607843,0.7320710784313725,2,8,,,
colon,t-test + BH,20260917,3,50,0.5833333333333334,0.5,0.36,0.22058823529411764,0.7600428921568628,3,8,,,
colon,t-test + BH,20260917,4,10,0.3333333333333333,0.4375,0.36,0.24142156862745098,0.7519852941176471,3,8,,,
colon,t-test + BH,20260918,0,5,0.15384615384615385,0.1625,0.34693877551020413,0.2450980392156863,0.7498774509803922,2,8,,,
colon,t-test + BH,20260918,1,5,0.38461538461538464,0.4625,0.34693877551020413,0.2058823529411765,0.7881617647058824,2,8,,,
colon,t-test + BH,20260918,2,100,0.5,0.4375,0.36,0.18014705882352944,0.790845588235294,5,8,,,
colon,t-test + BH,20260918,3,5,0.4166666666666667,0.5625,0.36,0.22058823529411764,0.7736213235294117,3,8,,,
colon,t-test + BH,20260918,4,10,0.4166666666666667,0.5,0.36,0.22058823529411764,0.7735539215686275,4,8,,,
colon,t-test + BH,20260919,0,5,0.46153846153846156,0.525,0.34693877551020413,0.22426470588235295,0.7706066176470587,2,8,,,
colon,t-test + BH,20260919,1,20,0.3076923076923077,0.325,0.34693877551020413,0.30392156862745096,0.6903063725490196,3,8,,,
colon,t-test + BH,20260919,2,5,0.5833333333333334,0.5625,0.36,0.23897058823529413,0.7571752450980391,2,8,,,
colon,t-test + BH,20260919,3,50,0.3333333333333333,0.3125,0.36,0.16053921568627452,0.8216973039215686,4,8,,,
colon,t-test + BH,20260919,4,1,0.5,0.625,0.36,0.24142156862745098,0.7547855392156863,1,8,,,
colon,t-test + BH,20260920,0,2,0.46153846153846156,0.525,0.34693877551020413,0.16299019607843138,0.8322058823529411,2,8,,,
colon,t-test + BH,20260920,1,50,0.38461538461538464,0.35,0.34693877551020413,0.26715686274509803,0.7198590686274511,3,8,,,
colon,t-test + BH,20260920,2,1,0.4166666666666667,0.5,0.36,0.2977941176470588,0.6986948529411764,1,8,,,
colon,t-test + BH,20260920,3,50,0.5833333333333334,0.625,0.36,0.27941176470588236,0.7145220588235293,3,8,,,
colon,t-test + BH,20260920,4,10,0.3333333333333333,0.375,0.36,0.2193627450980392,0.7735110294117646,4,8,,,
colon,t-test + BH,20260921,0,50,0.38461538461538464,0.4625,0.34693877551020413,0.24387254901960786,0.7471200980392155,4,8,,,
colon,t-test + BH,20260921,1,1,0.5384615384615384,0.5875,0.34693877551020413,0.24387254901960786,0.7523468137254902,1,9,,,
colon,t-test + BH,20260921,2,2,0.5,0.625,0.36,0.1997549019607843,0.795343137254902,2,8,,,
colon,t-test + BH,20260921,3,200,0.4166666666666667,0.5625,0.36,0.20098039215686278,0.7152573529411765,3,8,,,
colon,t-test + BH,20260921,4,1,0.4166666666666667,0.4375,0.36,0.2193627450980392,0.776734068627451,1,8,,,
colon,t-test + BH,20260922,0,20,0.6153846153846154,0.65,0.34693877551020413,0.1433823529411765,0.845514705882353,4,9,,,
colon,t-test + BH,20260922,1,5,0.38461538461538464,0.425,0.34693877551020413,0.24264705882352944,0.7535416666666667,2,8,,,
colon,t-test + BH,20260922,2,10,0.3333333333333333,0.3125,0.36,0.20098039215686278,0.7896200980392157,2,8,,,
colon,t-test + BH,20260922,3,10,0.3333333333333333,0.3125,0.36,0.2377450980392157,0.7566482843137253,3,8,,,
colon,t-test + BH,20260922,4,1,0.25,0.3125,0.36,0.22058823529411764,0.7755147058823529,1,8,,,
colon,t-test + BH,20260923,0,50,0.5384615384615384,0.5875,0.34693877551020413,0.24264705882352944,0.7492463235294118,5,8,,,
colon,t-test + BH,20260923,1,5,0.46153846153846156,0.45,0.34693877551020413,0.1825980392156863,0.8119975490196079,3,8,,,
colon,t-test + BH,20260923,2,20,0.4166666666666667,0.5,0.36,0.25857843137254904,0.7282475490196079,3,8,,,
colon,t-test + BH,20260923,3,5,0.25,0.3125,0.36,0.23897058823529413,0.7561151960784315,3,8,,,
colon,t-test + BH,20260923,4,1,0.4166666666666667,0.5625,0.36,0.3014705882352941,0.6950367647058823,1,8,,,
colon,mRMR,20260914,0,2,0.38461538461538464,0.4625,0.34693877551020413,0.1825980392156863,0.8131066176470588,2,7,,,
colon,mRMR,20260914,1,10,0.46153846153846156,0.5625,0.34693877551020413,0.16299019607843138,0.8285661764705882,3,7,,,
colon,mRMR,20260914,2,2,0.5,0.625,0.36,0.2022058823529412,0.7934068627450981,2,7,,,
colon,mRMR,20260914,3,20,0.5,0.5625,0.36,0.22058823529411764,0.7726286764705883,4,7,,,
colon,mRMR,20260914,4,5,0.4166666666666667,0.4375,0.36,0.18137254901960786,0.8124264705882351,3,7,,,
colon,mRMR,20260915,0,10,0.6153846153846154,0.575,0.34693877551020413,0.12254901960784315,0.8687683823529412,4,7,,,
colon,mRMR,20260915,1,20,0.38461538461538464,0.425,0.34693877551020413,0.22303921568627452,0.7690134803921569,3,7,,,
colon,mRMR,20260915,2,5,0.5833333333333334,0.6875,0.36,0.25857843137254904,0.7369301470588234,2,7,,,
colon,mRMR,20260915,3,10,0.4166666666666667,0.375,0.36,0.19852941176470587,0.7971078431372549,3,7,,,
colon,mRMR,20260915,4,1,0.3333333333333333,0.4375,0.36,0.2622549019607843,0.7340563725490197,1,7,,,
colon,mRMR,20260916,0,5,0.38461538461538464,0.35,0.34693877551020413,0.2622549019607843,0.7337132352941177,3,7,,,
colon,mRMR,20260916,1,20,0.3076923076923077,0.325,0.34693877551020413,0.14215686274509806,0.8509681372549018,3,7,,,
colon,mRMR,20260916,2,35,0.3333333333333333,0.375,0.36,0.21691176470588236,0.776047794117647,4,7,,,
colon,mRMR,20260916,3,2,0.5833333333333334,0.625,0.36,0.24019607843137256,0.7556004901960784,2,7,,,
colon,mRMR,20260916,4,2,0.3333333333333333,0.3125,0.36,0.18014705882352944,0.8153553921568628,2,7,,,
colon,mRMR,20260917,0,5,0.46153846153846156,0.525,0.34693877551020413,0.16176470588235295,0.8314583333333334,3,7,,,
colon,mRMR,20260917,1,20,0.46153846153846156,0.4875,0.34693877551020413,0.2647058823529412,0.7296568627450979,3,7,,,
colon,mRMR,20260917,2,20,0.5833333333333334,0.6875,0.36,0.24019607843137256,0.7525122549019608,4,7,,,
colon,mRMR,20260917,3,20,0.5,0.4375,0.36,0.22058823529411764,0.7697303921568628,3,7,,,
colon,mRMR,20260917,4,5,0.3333333333333333,0.4375,0.36,0.24019607843137256,0.7546200980392158,3,7,,,
colon,mRMR,20260918,0,10,0.6153846153846154,0.6125,0.34693877551020413,0.20343137254901963,0.7896139705882353,3,7,,,
colon,mRMR,20260918,1,2,0.38461538461538464,0.4625,0.34693877551020413,0.22426470588235295,0.771452205882353,2,7,,,
colon,mRMR,20260918,2,50,0.5,0.5,0.36,0.2218137254901961,0.7667953431372548,4,7,,,
colon,mRMR,20260918,3,5,0.4166666666666667,0.5625,0.36,0.2022058823529412,0.7921507352941176,3,7,,,
colon,mRMR,20260918,4,5,0.3333333333333333,0.4375,0.36,0.16053921568627452,0.8325306372549018,3,7,,,
colon,mRMR,20260919,0,2,0.3076923076923077,0.4,0.34693877551020413,0.18382352941176472,0.8115808823529411,2,7,,,
colon,mRMR,20260919,1,20,0.38461538461538464,0.425,0.34693877551020413,0.2659313725490196,0.724295343137255,4,7,,,
colon,mRMR,20260919,2,20,0.4166666666666667,0.4375,0.36,0.17892156862745098,0.8121997549019607,4,7,,,
colon,mRMR,20260919,3,35,0.25,0.25,0.36,0.12009803921568628,0.8580943627450981,5,7,,,
colon,mRMR,20260919,4,1,0.5,0.625,0.36,0.24142156862745098,0.7547855392156863,1,7,,,
colon,mRMR,20260920,0,2,0.46153846153846156,0.525,0.34693877551020413,0.16299019607843138,0.8322058823529411,2,7,,,
colon,mRMR,20260920,1,10,0.38461538461538464,0.425,0.34693877551020413,0.22549019607843138,0.7685110294117647,4,7,,,
colon,mRMR,20260920,2,20,0.3333333333333333,0.375,0.36,0.2610294117647059,0.731783088235294,2,7,,,
colon,mRMR,20260920,3,20,0.6666666666666666,0.75,0.36,0.22181372549019607,0.7692279411764704,5,7,,,
colon,mRMR,20260920,4,5,0.5,0.5625,0.36,0.2193627450980392,0.7750122549019608,3,7,,,
colon,mRMR,20260921,0,5,0.38461538461538464,0.4625,0.34693877551020413,0.26348039215686275,0.7326102941176471,3,7,,,
colon,mRMR,20260921,1,10,0.6153846153846154,0.6125,0.34693877551020413,0.22303921568627452,0.7721384803921568,2,7,,,
colon,mRMR,20260921,2,2,0.5,0.625,0.36,0.1997549019607843,0.7961397058823529,2,7,,,
colon,mRMR,20260921,3,20,0.5833333333333334,0.6875,0.36,0.24142156862745098,0.7523161764705883,3,7,,,
colon,mRMR,20260921,4,1,0.4166666666666667,0.4375,0.36,0.2193627450980392,0.776734068627451,1,7,,,
colon,mRMR,20260922,0,2,0.6153846153846154,0.6125,0.34693877551020413,0.1433823529411765,0.8517279411764707,2,7,,,
colon,mRMR,20260922,1,10,0.38461538461538464,0.425,0.34693877551020413,0.20343137254901963,0.7912867647058822,3,7,,,
colon,mRMR,20260922,2,20,0.3333333333333333,0.375,0.36,0.2181372549019608,0.7736887254901961,4,7,,,
colon,mRMR,20260922,3,10,0.4166666666666667,0.4375,0.36,0.178921568627451,0.8138909313725489,4,7,,,
colon,mRMR,20260922,4,1,0.25,0.3125,0.36,0.22058823529411764,0.7755147058823529,1,7,,,
colon,mRMR,20260923,0,50,0.6923076923076923,0.7125,0.34693877551020413,0.22426470588235295,0.7681188725490196,5,7,,,
colon,mRMR,20260923,1,5,0.46153846153846156,0.45,0.34693877551020413,0.1825980392156863,0.8125857843137255,3,7,,,
colon,mRMR,20260923,2,20,0.4166666666666667,0.5,0.36,0.25857843137254904,0.7355147058823529,3,7,,,
colon,mRMR,20260923,3,5,0.25,0.3125,0.36,0.23897058823529413,0.7561151960784315,3,7,,,
colon,mRMR,20260923,4,1,0.4166666666666667,0.5625,0.36,0.3014705882352941,0.6950367647058823,1,7,,,
colon,LASSO path,20260914,0,23,0.38461538461538464,0.425,0.34693877551020413,0.020833333333333332,0.9351899509803921,2,6,,,
colon,LASSO path,20260914,1,38,0.38461538461538464,0.4625,0.34693877551020413,0.04044117647058824,0.9047794117647059,3,6,,,
colon,LASSO path,20260914,2,26,0.5833333333333334,0.625,0.36,0.020833333333333332,0.9174632352941177,2,6,,,
colon,LASSO path,20260914,3,41,0.5,0.5,0.36,0.0196078431372549,0.9290073529411765,5,6,,,
colon,LASSO path,20260914,4,25,0.4166666666666667,0.4375,0.36,0.0,0.9463541666666667,2,6,,,
colon,LASSO path,20260915,0,19,0.46153846153846156,0.45,0.34693877551020413,0.0,0.9645833333333333,2,6,,,
colon,LASSO path,20260915,1,43,0.38461538461538464,0.425,0.34693877551020413,0.0,0.9425490196078431,5,6,,,
colon,LASSO path,20260915,2,29,0.6666666666666666,0.6875,0.36,0.0196078431372549,0.9087254901960784,2,6,,,
colon,LASSO path,20260915,3,45,0.75,0.625,0.36,0.0,0.95375,4,6,,,
colon,LASSO path,20260915,4,48,0.08333333333333333,0.125,0.36,0.0196078431372549,0.9224509803921569,5,6,,,
colon,LASSO path,20260916,0,21,0.3076923076923077,0.25,0.34693877551020413,0.0196078431372549,0.9489093137254901,2,5,,,
colon,LASSO path,20260916,1,24,0.46153846153846156,0.4875,0.34693877551020413,0.0196078431372549,0.9297058823529412,2,6,,,
colon,LASSO path,20260916,2,26,0.3333333333333333,0.375,0.36,0.0392156862745098,0.9101593137254902,2,6,,,
colon,LASSO path,20260916,3,33,0.3333333333333333,0.3125,0.36,0.0,0.9233210784313725,4,6,,,
colon,LASSO path,20260916,4,37,0.3333333333333333,0.375,0.36,0.06127450980392157,0.8659865196078431,4,6,,,
colon,LASSO path,20260917,0,29,0.38461538461538464,0.425,0.34693877551020413,0.0,0.944515931372549,3,6,,,
colon,LASSO path,20260917,1,33,0.5384615384615384,0.5875,0.34693877551020413,0.0196078431372549,0.9250612745098039,3,6,,,
colon,LASSO path,20260917,2,33,0.5833333333333334,0.625,0.36,0.04044117647058824,0.9010784313725491,3,6,,,
colon,LASSO path,20260917,3,36,0.6666666666666666,0.5625,0.36,0.0,0.9529411764705883,3,6,,,
colon,LASSO path,20260917,4,42,0.3333333333333333,0.4375,0.36,0.0392156862745098,0.9074571078431373,4,6,,,
colon,LASSO path,20260918,0,28,0.46153846153846156,0.4125,0.34693877551020413,0.0,0.9506617647058823,3,6,,,
colon,LASSO path,20260918,1,28,0.46153846153846156,0.525,0.34693877551020413,0.0,0.9396200980392156,3,6,,,
colon,LASSO path,20260918,2,33,0.25,0.25,0.36,0.0,0.9422426470588235,4,6,,,
colon,LASSO path,20260918,3,29,0.3333333333333333,0.4375,0.36,0.0,0.9336825980392157,3,6,,,
colon,LASSO path,20260918,4,32,0.3333333333333333,0.3125,0.36,0.06004901960784314,0.9027696078431372,3,6,,,
colon,LASSO path,20260919,0,25,0.3076923076923077,0.3625,0.34693877551020413,0.0,0.9606617647058823,2,6,,,
colon,LASSO path,20260919,1,38,0.23076923076923078,0.2625,0.34693877551020413,0.0,0.9492095588235295,4,6,,,
colon,LASSO path,20260919,2,21,0.5,0.5625,0.36,0.0,0.9551102941176471,2,6,,,
colon,LASSO path,20260919,3,30,0.3333333333333333,0.3125,0.36,0.0,0.9297487745098039,2,6,,,
colon,LASSO path,20260919,4,30,0.4166666666666667,0.4375,0.36,0.020833333333333332,0.9168014705882351,3,6,,,
colon,LASSO path,20260920,0,37,0.46153846153846156,0.525,0.34693877551020413,0.04044117647058824,0.918125,3,6,,,
colon,LASSO path,20260920,1,35,0.6153846153846154,0.65,0.34693877551020413,0.020833333333333332,0.9193075980392157,3,6,,,
colon,LASSO path,20260920,2,52,0.6666666666666666,0.75,0.36,0.020833333333333332,0.9071323529411764,5,6,,,
colon,LASSO path,20260920,3,36,0.6666666666666666,0.6875,0.36,0.06004901960784314,0.8904656862745097,3,6,,,
colon,LASSO path,20260920,4,34,0.4166666666666667,0.5,0.36,0.0196078431372549,0.9233946078431373,3,6,,,
colon,LASSO path,20260921,0,32,0.46153846153846156,0.525,0.34693877551020413,0.0,0.9593872549019608,3,6,,,
colon,LASSO path,20260921,1,39,0.46153846153846156,0.45,0.34693877551020413,0.0,0.9335049019607842,4,6,,,
colon,LASSO path,20260921,2,31,0.5833333333333334,0.625,0.36,0.0,0.9416360294117647,3,6,,,
colon,LASSO path,20260921,3,41,0.3333333333333333,0.5,0.36,0.0,0.9404963235294118,3,6,,,
colon,LASSO path,20260921,4,42,0.4166666666666667,0.5,0.36,0.0,0.9545220588235294,3,6,,,
colon,LASSO path,20260922,0,29,0.6153846153846154,0.65,0.34693877551020413,0.0,0.9513786764705882,2,6,,,
colon,LASSO path,20260922,1,30,0.46153846153846156,0.4875,0.34693877551020413,0.0,0.9509926470588235,3,6,,,
colon,LASSO path,20260922,2,36,0.5,0.5,0.36,0.0,0.9317647058823529,3,6,,,
colon,LASSO path,20260922,3,18,0.5833333333333334,0.5625,0.36,0.0196078431372549,0.9372487745098039,2,6,,,
colon,LASSO path,20260922,4,24,0.5,0.5625,0.36,0.0196078431372549,0.9093627450980393,2,6,,,
colon,LASSO path,20260923,0,30,0.6153846153846154,0.65,0.34693877551020413,0.020833333333333332,0.925030637254902,3,6,,,
colon,LASSO path,20260923,1,29,0.38461538461538464,0.425,0.34693877551020413,0.07965686274509805,0.8736825980392157,3,6,,,
colon,LASSO path,20260923,2,35,0.5833333333333334,0.6875,0.36,0.0,0.9334068627450979,3,6,,,
colon,LASSO path,20260923,3,36,0.5833333333333334,0.5,0.36,0.0196078431372549,0.9265808823529412,3,6,,,
colon,LASSO path,20260923,4,49,0.4166666666666667,0.5,0.36,0.020833333333333332,0.9311642156862745,3,6,,,
colon,Knockoff+,20260914,0,0,0.38461538461538464,0.5,0.34693877551020413,1.0,0.0,0,0,,,
colon,Knockoff+,20260914,1,0,0.38461538461538464,0.5,0.34693877551020413,1.0,0.0,0,0,,,
colon,Knockoff+,20260914,2,0,0.3333333333333333,0.5,0.36,1.0,0.0,0,0,,,
colon,Knockoff+,20260914,3,0,0.3333333333333333,0.5,0.36,1.0,0.0,0,0,,,
colon,Knockoff+,20260914,4,0,0.3333333333333333,0.5,0.36,1.0,0.0,0,0,,,
colon,Knockoff+,20260915,0,0,0.38461538461538464,0.5,0.34693877551020413,1.0,0.0,0,0,,,
colon,Knockoff+,20260915,1,0,0.38461538461538464,0.5,0.34693877551020413,1.0,0.0,0,0,,,
colon,Knockoff+,20260915,2,0,0.3333333333333333,0.5,0.36,1.0,0.0,0,0,,,
colon,Knockoff+,20260915,3,0,0.3333333333333333,0.5,0.36,1.0,0.0,0,0,,,
colon,Knockoff+,20260915,4,0,0.3333333333333333,0.5,0.36,1.0,0.0,0,0,,,
colon,Knockoff+,20260916,0,0,0.38461538461538464,0.5,0.34693877551020413,1.0,0.0,0,0,,,
colon,Knockoff+,20260916,1,0,0.38461538461538464,0.5,0.34693877551020413,1.0,0.0,0,0,,,
colon,Knockoff+,20260916,2,0,0.3333333333333333,0.5,0.36,1.0,0.0,0,0,,,
colon,Knockoff+,20260916,3,0,0.3333333333333333,0.5,0.36,1.0,0.0,0,0,,,
colon,Knockoff+,20260916,4,0,0.3333333333333333,0.5,0.36,1.0,0.0,0,0,,,
colon,Knockoff+,20260917,0,0,0.38461538461538464,0.5,0.34693877551020413,1.0,0.0,0,0,,,
colon,Knockoff+,20260917,1,0,0.38461538461538464,0.5,0.34693877551020413,1.0,0.0,0,0,,,
colon,Knockoff+,20260917,2,0,0.3333333333333333,0.5,0.36,1.0,0.0,0,0,,,
colon,Knockoff+,20260917,3,0,0.3333333333333333,0.5,0.36,1.0,0.0,0,0,,,
colon,Knockoff+,20260917,4,0,0.3333333333333333,0.5,0.36,1.0,0.0,0,0,,,
colon,Knockoff+,20260918,0,0,0.38461538461538464,0.5,0.34693877551020413,1.0,0.0,0,0,,,
colon,Knockoff+,20260918,1,0,0.38461538461538464,0.5,0.34693877551020413,1.0,0.0,0,0,,,
colon,Knockoff+,20260918,2,0,0.3333333333333333,0.5,0.36,1.0,0.0,0,0,,,
colon,Knockoff+,20260918,3,0,0.3333333333333333,0.5,0.36,1.0,0.0,0,0,,,
colon,Knockoff+,20260918,4,0,0.3333333333333333,0.5,0.36,1.0,0.0,0,0,,,
colon,Knockoff+,20260919,0,0,0.38461538461538464,0.5,0.34693877551020413,1.0,0.0,0,0,,,
colon,Knockoff+,20260919,1,0,0.38461538461538464,0.5,0.34693877551020413,1.0,0.0,0,0,,,
colon,Knockoff+,20260919,2,0,0.3333333333333333,0.5,0.36,1.0,0.0,0,0,,,
colon,Knockoff+,20260919,3,0,0.3333333333333333,0.5,0.36,1.0,0.0,0,0,,,
colon,Knockoff+,20260919,4,0,0.3333333333333333,0.5,0.36,1.0,0.0,0,0,,,
colon,Knockoff+,20260920,0,0,0.38461538461538464,0.5,0.34693877551020413,1.0,0.0,0,0,,,
colon,Knockoff+,20260920,1,0,0.38461538461538464,0.5,0.34693877551020413,1.0,0.0,0,0,,,
colon,Knockoff+,20260920,2,0,0.3333333333333333,0.5,0.36,1.0,0.0,0,0,,,
colon,Knockoff+,20260920,3,0,0.3333333333333333,0.5,0.36,1.0,0.0,0,0,,,
colon,Knockoff+,20260920,4,0,0.3333333333333333,0.5,0.36,1.0,0.0,0,0,,,
colon,Knockoff+,20260921,0,0,0.38461538461538464,0.5,0.34693877551020413,1.0,0.0,0,0,,,
colon,Knockoff+,20260921,1,0,0.38461538461538464,0.5,0.34693877551020413,1.0,0.0,0,0,,,
colon,Knockoff+,20260921,2,0,0.3333333333333333,0.5,0.36,1.0,0.0,0,0,,,
colon,Knockoff+,20260921,3,0,0.3333333333333333,0.5,0.36,1.0,0.0,0,0,,,
colon,Knockoff+,20260921,4,0,0.3333333333333333,0.5,0.36,1.0,0.0,0,0,,,
colon,Knockoff+,20260922,0,0,0.38461538461538464,0.5,0.34693877551020413,1.0,0.0,0,0,,,
colon,Knockoff+,20260922,1,0,0.38461538461538464,0.5,0.34693877551020413,1.0,0.0,0,0,,,
colon,Knockoff+,20260922,2,0,0.3333333333333333,0.5,0.36,1.0,0.0,0,0,,,
colon,Knockoff+,20260922,3,0,0.3333333333333333,0.5,0.36,1.0,0.0,0,0,,,
colon,Knockoff+,20260922,4,0,0.3333333333333333,0.5,0.36,1.0,0.0,0,0,,,
colon,Knockoff+,20260923,0,0,0.38461538461538464,0.5,0.34693877551020413,1.0,0.0,0,0,,,
colon,Knockoff+,20260923,1,0,0.38461538461538464,0.5,0.34693877551020413,1.0,0.0,0,0,,,
colon,Knockoff+,20260923,2,0,0.3333333333333333,0.5,0.36,1.0,0.0,0,0,,,
colon,Knockoff+,20260923,3,0,0.3333333333333333,0.5,0.36,1.0,0.0,0,0,,,
colon,Knockoff+,20260923,4,0,0.3333333333333333,0.5,0.36,1.0,0.0,0,0,,,
colon,Knockoff,20260914,0,0,0.38461538461538464,0.5,0.34693877551020413,1.0,0.0,0,0,,,
colon,Knockoff,20260914,1,0,0.38461538461538464,0.5,0.34693877551020413,1.0,0.0,0,0,,,
colon,Knockoff,20260914,2,0,0.3333333333333333,0.5,0.36,1.0,0.0,0,0,,,
colon,Knockoff,20260914,3,0,0.3333333333333333,0.5,0.36,1.0,0.0,0,0,,,
colon,Knockoff,20260914,4,0,0.3333333333333333,0.5,0.36,1.0,0.0,0,0,,,
colon,Knockoff,20260915,0,0,0.38461538461538464,0.5,0.34693877551020413,1.0,0.0,0,0,,,
colon,Knockoff,20260915,1,0,0.38461538461538464,0.5,0.34693877551020413,1.0,0.0,0,0,,,
colon,Knockoff,20260915,2,0,0.3333333333333333,0.5,0.36,1.0,0.0,0,0,,,
colon,Knockoff,20260915,3,1,0.8333333333333334,0.875,0.36,0.25980392156862747,0.7364950980392158,1,1,,,
colon,Knockoff,20260915,4,2,0.25,0.375,0.36,0.3014705882352941,0.6915441176470588,1,1,,,
colon,Knockoff,20260916,0,0,0.38461538461538464,0.5,0.34693877551020413,1.0,0.0,0,0,,,
colon,Knockoff,20260916,1,0,0.38461538461538464,0.5,0.34693877551020413,1.0,0.0,0,0,,,
colon,Knockoff,20260916,2,0,0.3333333333333333,0.5,0.36,1.0,0.0,0,0,,,
colon,Knockoff,20260916,3,0,0.3333333333333333,0.5,0.36,1.0,0.0,0,0,,,
colon,Knockoff,20260916,4,0,0.3333333333333333,0.5,0.36,1.0,0.0,0,0,,,
colon,Knockoff,20260917,0,0,0.38461538461538464,0.5,0.34693877551020413,1.0,0.0,0,0,,,
colon,Knockoff,20260917,1,1,0.46153846153846156,0.5625,0.34693877551020413,0.30392156862745096,0.6925980392156862,1,1,,,
colon,Knockoff,20260917,2,0,0.3333333333333333,0.5,0.36,1.0,0.0,0,0,,,
colon,Knockoff,20260917,3,0,0.3333333333333333,0.5,0.36,1.0,0.0,0,0,,,
colon,Knockoff,20260917,4,0,0.3333333333333333,0.5,0.36,1.0,0.0,0,0,,,
colon,Knockoff,20260918,0,1,0.38461538461538464,0.4625,0.34693877551020413,0.3075980392156863,0.6889399509803922,1,1,,,
colon,Knockoff,20260918,1,1,0.5384615384615384,0.625,0.34693877551020413,0.26715686274509803,0.7291789215686275,1,1,,,
colon,Knockoff,20260918,2,0,0.3333333333333333,0.5,0.36,1.0,0.0,0,0,,,
colon,Knockoff,20260918,3,0,0.3333333333333333,0.5,0.36,1.0,0.0,0,0,,,
colon,Knockoff,20260918,4,0,0.3333333333333333,0.5,0.36,1.0,0.0,0,0,,,
colon,Knockoff,20260919,0,2,0.3076923076923077,0.4,0.34693877551020413,0.18382352941176472,0.8080147058823529,1,1,,,
colon,Knockoff,20260919,1,0,0.38461538461538464,0.5,0.34693877551020413,1.0,0.0,0,0,,,
colon,Knockoff,20260919,2,0,0.3333333333333333,0.5,0.36,1.0,0.0,0,0,,,
colon,Knockoff,20260919,3,1,0.16666666666666666,0.25,0.36,0.2781862745098039,0.7182046568627451,1,1,,,
colon,Knockoff,20260919,4,0,0.3333333333333333,0.5,0.36,1.0,0.0,0,0,,,
colon,Knockoff,20260920,0,0,0.38461538461538464,0.5,0.34693877551020413,1.0,0.0,0,0,,,
colon,Knockoff,20260920,1,1,0.5384615384615384,0.625,0.34693877551020413,0.2450980392156863,0.7511274509803921,1,1,,,
colon,Knockoff,20260920,2,0,0.3333333333333333,0.5,0.36,1.0,0.0,0,0,,,
colon,Knockoff,20260920,3,0,0.3333333333333333,0.5,0.36,1.0,0.0,0,0,,,
colon,Knockoff,20260920,4,0,0.3333333333333333,0.5,0.36,1.0,0.0,0,0,,,
colon,Knockoff,20260921,0,1,0.5384615384615384,0.625,0.34693877551020413,0.30514705882352944,0.6913786764705883,1,1,,,
colon,Knockoff,20260921,1,0,0.38461538461538464,0.5,0.34693877551020413,1.0,0.0,0,0,,,
colon,Knockoff,20260921,2,1,0.5833333333333334,0.6875,0.36,0.22058823529411764,0.7755147058823529,1,1,,,
colon,Knockoff,20260921,3,0,0.3333333333333333,0.5,0.36,1.0,0.0,0,0,,,
colon,Knockoff,20260921,4,0,0.3333333333333333,0.5,0.36,1.0,0.0,0,0,,,
colon,Knockoff,20260922,0,1,0.6923076923076923,0.7125,0.34693877551020413,0.2647058823529412,0.7316176470588236,1,1,,,
colon,Knockoff,20260922,1,0,0.38461538461538464,0.5,0.34693877551020413,1.0,0.0,0,0,,,
colon,Knockoff,20260922,2,0,0.3333333333333333,0.5,0.36,1.0,0.0,0,0,,,
colon,Knockoff,20260922,3,0,0.3333333333333333,0.5,0.36,1.0,0.0,0,0,,,
colon,Knockoff,20260922,4,0,0.3333333333333333,0.5,0.36,1.0,0.0,0,0,,,
colon,Knockoff,20260923,0,0,0.38461538461538464,0.5,0.34693877551020413,1.0,0.0,0,0,,,
colon,Knockoff,20260923,1,1,0.38461538461538464,0.3875,0.34693877551020413,0.2843137254901961,0.7121078431372548,1,1,,,
colon,Knockoff,20260923,2,0,0.3333333333333333,0.5,0.36,1.0,0.0,0,0,,,
colon,Knockoff,20260923,3,0,0.3333333333333333,0.5,0.36,1.0,0.0,0,0,,,
colon,Knockoff,20260923,4,0,0.3333333333333333,0.5,0.36,1.0,0.0,0,0,,,
